region,year,week,case_c,pop_total,case_per_capita(‰),PM25_lag0,PM25_lag1,PM25_lag2,PM25_lag3,PM25_lag4,PM25_lag5,PM25_lag6,PM25_lag7,PM25_lag8,PM25_lag9,PM25_lag10
北北基桃竹,2016,1,1912,740421,2.58,24.44,21.37,18.56,24.17,13.16,13.13,10.07,20.68,25.55,18.14,23.23
北北基桃竹,2016,2,7139,741248,9.63,20.39,24.44,21.37,18.56,24.17,13.16,13.13,10.07,20.68,25.55,18.14
北北基桃竹,2016,3,7082,741411,9.55,22.23,20.39,24.44,21.37,18.56,24.17,13.16,13.13,10.07,20.68,25.55
北北基桃竹,2016,4,7156,741360,9.65,16.37,22.23,20.39,24.44,21.37,18.56,24.17,13.16,13.13,10.07,20.68
北北基桃竹,2016,5,8321,740814,11.23,9.15,16.37,22.23,20.39,24.44,21.37,18.56,24.17,13.16,13.13,10.07
北北基桃竹,2016,6,10723,740941,14.47,30.73,9.15,16.37,22.23,20.39,24.44,21.37,18.56,24.17,13.16,13.13
北北基桃竹,2016,7,5587,740609,7.54,17.0,30.73,9.15,16.37,22.23,20.39,24.44,21.37,18.56,24.17,13.16
北北基桃竹,2016,8,10724,741444,14.46,20.56,17.0,30.73,9.15,16.37,22.23,20.39,24.44,21.37,18.56,24.17
北北基桃竹,2016,9,9592,741123,12.94,18.85,20.56,17.0,30.73,9.15,16.37,22.23,20.39,24.44,21.37,18.56
北北基桃竹,2016,10,9109,740421,12.3,24.21,18.85,20.56,17.0,30.73,9.15,16.37,22.23,20.39,24.44,21.37
北北基桃竹,2016,11,8279,740781,11.18,18.53,24.21,18.85,20.56,17.0,30.73,9.15,16.37,22.23,20.39,24.44
北北基桃竹,2016,12,7761,741051,10.47,23.54,18.53,24.21,18.85,20.56,17.0,30.73,9.15,16.37,22.23,20.39
北北基桃竹,2016,13,7286,740744,9.84,32.54,23.54,18.53,24.21,18.85,20.56,17.0,30.73,9.15,16.37,22.23
北北基桃竹,2016,14,8345,740744,11.27,38.38,32.54,23.54,18.53,24.21,18.85,20.56,17.0,30.73,9.15,16.37
北北基桃竹,2016,15,6715,740421,9.07,22.04,38.38,32.54,23.54,18.53,24.21,18.85,20.56,17.0,30.73,9.15
北北基桃竹,2016,16,6662,741104,8.99,21.14,22.04,38.38,32.54,23.54,18.53,24.21,18.85,20.56,17.0,30.73
北北基桃竹,2016,17,6228,740421,8.41,25.62,21.14,22.04,38.38,32.54,23.54,18.53,24.21,18.85,20.56,17.0
北北基桃竹,2016,18,6063,740932,8.18,33.94,25.62,21.14,22.04,38.38,32.54,23.54,18.53,24.21,18.85,20.56
北北基桃竹,2016,19,5898,740421,7.97,19.32,33.94,25.62,21.14,22.04,38.38,32.54,23.54,18.53,24.21,18.85
北北基桃竹,2016,20,5586,740814,7.54,15.37,19.32,33.94,25.62,21.14,22.04,38.38,32.54,23.54,18.53,24.21
北北基桃竹,2016,21,5575,740744,7.53,20.51,15.37,19.32,33.94,25.62,21.14,22.04,38.38,32.54,23.54,18.53
北北基桃竹,2016,22,5122,740609,6.92,13.91,20.51,15.37,19.32,33.94,25.62,21.14,22.04,38.38,32.54,23.54
北北基桃竹,2016,23,4709,740421,6.36,14.18,13.91,20.51,15.37,19.32,33.94,25.62,21.14,22.04,38.38,32.54
北北基桃竹,2016,24,4495,740421,6.07,8.5,14.18,13.91,20.51,15.37,19.32,33.94,25.62,21.14,22.04,38.38
北北基桃竹,2016,25,4645,740421,6.27,12.24,8.5,14.18,13.91,20.51,15.37,19.32,33.94,25.62,21.14,22.04
北北基桃竹,2016,26,4514,740421,6.1,13.51,12.24,8.5,14.18,13.91,20.51,15.37,19.32,33.94,25.62,21.14
北北基桃竹,2016,27,4170,740421,5.63,9.96,13.51,12.24,8.5,14.18,13.91,20.51,15.37,19.32,33.94,25.62
北北基桃竹,2016,28,4020,740421,5.43,9.77,9.96,13.51,12.24,8.5,14.18,13.91,20.51,15.37,19.32,33.94
北北基桃竹,2016,29,4223,740421,5.7,13.79,9.77,9.96,13.51,12.24,8.5,14.18,13.91,20.51,15.37,19.32
北北基桃竹,2016,30,4169,740421,5.63,20.16,13.79,9.77,9.96,13.51,12.24,8.5,14.18,13.91,20.51,15.37
北北基桃竹,2016,31,4201,740421,5.67,13.98,20.16,13.79,9.77,9.96,13.51,12.24,8.5,14.18,13.91,20.51
北北基桃竹,2016,32,4303,740421,5.81,11.04,13.98,20.16,13.79,9.77,9.96,13.51,12.24,8.5,14.18,13.91
北北基桃竹,2016,33,4479,740421,6.05,9.93,11.04,13.98,20.16,13.79,9.77,9.96,13.51,12.24,8.5,14.18
北北基桃竹,2016,34,4611,740421,6.23,16.13,9.93,11.04,13.98,20.16,13.79,9.77,9.96,13.51,12.24,8.5
北北基桃竹,2016,35,4614,740421,6.23,23.17,16.13,9.93,11.04,13.98,20.16,13.79,9.77,9.96,13.51,12.24
北北基桃竹,2016,36,4819,740421,6.51,13.24,23.17,16.13,9.93,11.04,13.98,20.16,13.79,9.77,9.96,13.51
北北基桃竹,2016,37,4552,741051,6.14,9.94,13.24,23.17,16.13,9.93,11.04,13.98,20.16,13.79,9.77,9.96
北北基桃竹,2016,38,4165,740421,5.63,12.07,9.94,13.24,23.17,16.13,9.93,11.04,13.98,20.16,13.79,9.77
北北基桃竹,2016,39,5145,740421,6.95,13.49,12.07,9.94,13.24,23.17,16.13,9.93,11.04,13.98,20.16,13.79
北北基桃竹,2016,40,4172,740421,5.63,12.58,13.49,12.07,9.94,13.24,23.17,16.13,9.93,11.04,13.98,20.16
北北基桃竹,2016,41,4618,740421,6.24,8.1,12.58,13.49,12.07,9.94,13.24,23.17,16.13,9.93,11.04,13.98
北北基桃竹,2016,42,4636,740421,6.26,11.05,8.1,12.58,13.49,12.07,9.94,13.24,23.17,16.13,9.93,11.04
北北基桃竹,2016,43,4843,740421,6.54,21.68,11.05,8.1,12.58,13.49,12.07,9.94,13.24,23.17,16.13,9.93
北北基桃竹,2016,44,5128,740421,6.93,13.67,21.68,11.05,8.1,12.58,13.49,12.07,9.94,13.24,23.17,16.13
北北基桃竹,2016,45,6032,740688,8.14,15.89,13.67,21.68,11.05,8.1,12.58,13.49,12.07,9.94,13.24,23.17
北北基桃竹,2016,46,6239,740688,8.42,21.34,15.89,13.67,21.68,11.05,8.1,12.58,13.49,12.07,9.94,13.24
北北基桃竹,2016,47,6363,740421,8.59,12.23,21.34,15.89,13.67,21.68,11.05,8.1,12.58,13.49,12.07,9.94
北北基桃竹,2016,48,6155,741053,8.31,13.71,12.23,21.34,15.89,13.67,21.68,11.05,8.1,12.58,13.49,12.07
北北基桃竹,2016,49,6351,740730,8.57,16.74,13.71,12.23,21.34,15.89,13.67,21.68,11.05,8.1,12.58,13.49
北北基桃竹,2016,50,6276,740421,8.48,16.75,16.74,13.71,12.23,21.34,15.89,13.67,21.68,11.05,8.1,12.58
北北基桃竹,2016,51,6798,740421,9.18,17.88,16.75,16.74,13.71,12.23,21.34,15.89,13.67,21.68,11.05,8.1
北北基桃竹,2016,52,6935,740421,9.37,17.66,17.88,16.75,16.74,13.71,12.23,21.34,15.89,13.67,21.68,11.05
北北基桃竹,2017,1,6836,739617,9.24,21.99,17.66,17.88,16.75,16.74,13.71,12.23,21.34,15.89,13.67,21.68
北北基桃竹,2017,2,6711,739111,9.08,20.52,21.99,17.66,17.88,16.75,16.74,13.71,12.23,21.34,15.89,13.67
北北基桃竹,2017,3,7040,739814,9.52,12.66,20.52,21.99,17.66,17.88,16.75,16.74,13.71,12.23,21.34,15.89
北北基桃竹,2017,4,7908,739685,10.69,16.1,12.66,20.52,21.99,17.66,17.88,16.75,16.74,13.71,12.23,21.34
北北基桃竹,2017,5,6416,739847,8.67,17.39,16.1,12.66,20.52,21.99,17.66,17.88,16.75,16.74,13.71,12.23
北北基桃竹,2017,6,8078,740160,10.91,25.08,17.39,16.1,12.66,20.52,21.99,17.66,17.88,16.75,16.74,13.71
北北基桃竹,2017,7,7716,740370,10.42,20.82,25.08,17.39,16.1,12.66,20.52,21.99,17.66,17.88,16.75,16.74
北北基桃竹,2017,8,6513,739796,8.8,17.7,20.82,25.08,17.39,16.1,12.66,20.52,21.99,17.66,17.88,16.75
北北基桃竹,2017,9,6530,739800,8.83,24.09,17.7,20.82,25.08,17.39,16.1,12.66,20.52,21.99,17.66,17.88
北北基桃竹,2017,10,6846,739406,9.26,23.58,24.09,17.7,20.82,25.08,17.39,16.1,12.66,20.52,21.99,17.66
北北基桃竹,2017,11,6740,739685,9.11,17.39,23.58,24.09,17.7,20.82,25.08,17.39,16.1,12.66,20.52,21.99
北北基桃竹,2017,12,6712,739111,9.08,15.0,17.39,23.58,24.09,17.7,20.82,25.08,17.39,16.1,12.66,20.52
北北基桃竹,2017,13,7216,739685,9.76,32.8,15.0,17.39,23.58,24.09,17.7,20.82,25.08,17.39,16.1,12.66
北北基桃竹,2017,14,7293,739374,9.86,28.84,32.8,15.0,17.39,23.58,24.09,17.7,20.82,25.08,17.39,16.1
北北基桃竹,2017,15,6710,739501,9.07,21.73,28.84,32.8,15.0,17.39,23.58,24.09,17.7,20.82,25.08,17.39
北北基桃竹,2017,16,5743,739111,7.77,22.99,21.73,28.84,32.8,15.0,17.39,23.58,24.09,17.7,20.82,25.08
北北基桃竹,2017,17,6430,739111,8.7,18.77,22.99,21.73,28.84,32.8,15.0,17.39,23.58,24.09,17.7,20.82
北北基桃竹,2017,18,6368,739111,8.62,24.66,18.77,22.99,21.73,28.84,32.8,15.0,17.39,23.58,24.09,17.7
北北基桃竹,2017,19,5886,739111,7.96,19.8,24.66,18.77,22.99,21.73,28.84,32.8,15.0,17.39,23.58,24.09
北北基桃竹,2017,20,5798,739501,7.84,13.48,19.8,24.66,18.77,22.99,21.73,28.84,32.8,15.0,17.39,23.58
北北基桃竹,2017,21,5670,739501,7.67,12.84,13.48,19.8,24.66,18.77,22.99,21.73,28.84,32.8,15.0,17.39
北北基桃竹,2017,22,5013,739111,6.78,10.87,12.84,13.48,19.8,24.66,18.77,22.99,21.73,28.84,32.8,15.0
北北基桃竹,2017,23,5189,739501,7.02,19.25,10.87,12.84,13.48,19.8,24.66,18.77,22.99,21.73,28.84,32.8
北北基桃竹,2017,24,4974,739111,6.73,8.77,19.25,10.87,12.84,13.48,19.8,24.66,18.77,22.99,21.73,28.84
北北基桃竹,2017,25,5362,739501,7.25,10.93,8.77,19.25,10.87,12.84,13.48,19.8,24.66,18.77,22.99,21.73
北北基桃竹,2017,26,5276,739764,7.13,14.58,10.93,8.77,19.25,10.87,12.84,13.48,19.8,24.66,18.77,22.99
北北基桃竹,2017,27,5180,739457,7.01,9.67,14.58,10.93,8.77,19.25,10.87,12.84,13.48,19.8,24.66,18.77
北北基桃竹,2017,28,5271,739501,7.13,13.19,9.67,14.58,10.93,8.77,19.25,10.87,12.84,13.48,19.8,24.66
北北基桃竹,2017,29,4964,739111,6.72,13.81,13.19,9.67,14.58,10.93,8.77,19.25,10.87,12.84,13.48,19.8
北北基桃竹,2017,30,4721,739111,6.39,15.29,13.81,13.19,9.67,14.58,10.93,8.77,19.25,10.87,12.84,13.48
北北基桃竹,2017,31,4185,739111,5.66,14.58,15.29,13.81,13.19,9.67,14.58,10.93,8.77,19.25,10.87,12.84
北北基桃竹,2017,32,3942,739111,5.33,14.62,14.58,15.29,13.81,13.19,9.67,14.58,10.93,8.77,19.25,10.87
北北基桃竹,2017,33,4128,739111,5.59,17.9,14.62,14.58,15.29,13.81,13.19,9.67,14.58,10.93,8.77,19.25
北北基桃竹,2017,34,4242,739111,5.74,12.23,17.9,14.62,14.58,15.29,13.81,13.19,9.67,14.58,10.93,8.77
北北基桃竹,2017,35,4195,739501,5.67,10.26,12.23,17.9,14.62,14.58,15.29,13.81,13.19,9.67,14.58,10.93
北北基桃竹,2017,36,4343,739111,5.88,15.45,10.26,12.23,17.9,14.62,14.58,15.29,13.81,13.19,9.67,14.58
北北基桃竹,2017,37,4523,739111,6.12,15.65,15.45,10.26,12.23,17.9,14.62,14.58,15.29,13.81,13.19,9.67
北北基桃竹,2017,38,4913,739111,6.65,24.9,15.65,15.45,10.26,12.23,17.9,14.62,14.58,15.29,13.81,13.19
北北基桃竹,2017,39,4875,739111,6.6,19.17,24.9,15.65,15.45,10.26,12.23,17.9,14.62,14.58,15.29,13.81
北北基桃竹,2017,40,4847,739111,6.56,18.25,19.17,24.9,15.65,15.45,10.26,12.23,17.9,14.62,14.58,15.29
北北基桃竹,2017,41,4451,739501,6.02,8.61,18.25,19.17,24.9,15.65,15.45,10.26,12.23,17.9,14.62,14.58
北北基桃竹,2017,42,4855,739111,6.57,10.26,8.61,18.25,19.17,24.9,15.65,15.45,10.26,12.23,17.9,14.62
北北基桃竹,2017,43,6020,739501,8.14,20.92,10.26,8.61,18.25,19.17,24.9,15.65,15.45,10.26,12.23,17.9
北北基桃竹,2017,44,6284,739685,8.5,15.66,20.92,10.26,8.61,18.25,19.17,24.9,15.65,15.45,10.26,12.23
北北基桃竹,2017,45,6256,739111,8.46,14.78,15.66,20.92,10.26,8.61,18.25,19.17,24.9,15.65,15.45,10.26
北北基桃竹,2017,46,6004,739304,8.12,13.54,14.78,15.66,20.92,10.26,8.61,18.25,19.17,24.9,15.65,15.45
北北基桃竹,2017,47,6436,739980,8.7,9.45,13.54,14.78,15.66,20.92,10.26,8.61,18.25,19.17,24.9,15.65
北北基桃竹,2017,48,6432,739980,8.69,12.31,9.45,13.54,14.78,15.66,20.92,10.26,8.61,18.25,19.17,24.9
北北基桃竹,2017,49,6971,739111,9.43,16.8,12.31,9.45,13.54,14.78,15.66,20.92,10.26,8.61,18.25,19.17
北北基桃竹,2017,50,7617,739685,10.3,12.55,16.8,12.31,9.45,13.54,14.78,15.66,20.92,10.26,8.61,18.25
北北基桃竹,2017,51,8113,739406,10.97,16.01,12.55,16.8,12.31,9.45,13.54,14.78,15.66,20.92,10.26,8.61
北北基桃竹,2017,52,9141,739501,12.36,24.22,16.01,12.55,16.8,12.31,9.45,13.54,14.78,15.66,20.92,10.26
北北基桃竹,2018,1,7944,811883,9.78,12.52,24.22,16.01,12.55,16.8,12.31,9.45,13.54,14.78,15.66,20.92
北北基桃竹,2018,2,8110,811883,9.99,12.28,12.52,24.22,16.01,12.55,16.8,12.31,9.45,13.54,14.78,15.66
北北基桃竹,2018,3,8540,811883,10.52,16.95,12.28,12.52,24.22,16.01,12.55,16.8,12.31,9.45,13.54,14.78
北北基桃竹,2018,4,7993,812264,9.84,10.72,16.95,12.28,12.52,24.22,16.01,12.55,16.8,12.31,9.45,13.54
北北基桃竹,2018,5,7207,811883,8.88,14.77,10.72,16.95,12.28,12.52,24.22,16.01,12.55,16.8,12.31,9.45
北北基桃竹,2018,6,8111,812249,9.99,18.19,14.77,10.72,16.95,12.28,12.52,24.22,16.01,12.55,16.8,12.31
北北基桃竹,2018,7,7614,812249,9.37,26.62,18.19,14.77,10.72,16.95,12.28,12.52,24.22,16.01,12.55,16.8
北北基桃竹,2018,8,8494,812249,10.46,21.53,26.62,18.19,14.77,10.72,16.95,12.28,12.52,24.22,16.01,12.55
北北基桃竹,2018,9,8484,812345,10.44,29.31,21.53,26.62,18.19,14.77,10.72,16.95,12.28,12.52,24.22,16.01
北北基桃竹,2018,10,7813,813005,9.61,15.41,29.31,21.53,26.62,18.19,14.77,10.72,16.95,12.28,12.52,24.22
北北基桃竹,2018,11,8346,813023,10.27,21.49,15.41,29.31,21.53,26.62,18.19,14.77,10.72,16.95,12.28,12.52
北北基桃竹,2018,12,8101,812475,9.97,18.94,21.49,15.41,29.31,21.53,26.62,18.19,14.77,10.72,16.95,12.28
北北基桃竹,2018,13,8310,812291,10.23,19.58,18.94,21.49,15.41,29.31,21.53,26.62,18.19,14.77,10.72,16.95
北北基桃竹,2018,14,7068,812231,8.7,26.07,19.58,18.94,21.49,15.41,29.31,21.53,26.62,18.19,14.77,10.72
北北基桃竹,2018,15,8051,812249,9.91,21.67,26.07,19.58,18.94,21.49,15.41,29.31,21.53,26.62,18.19,14.77
北北基桃竹,2018,16,6945,811883,8.55,22.27,21.67,26.07,19.58,18.94,21.49,15.41,29.31,21.53,26.62,18.19
北北基桃竹,2018,17,6308,813092,7.76,22.6,22.27,21.67,26.07,19.58,18.94,21.49,15.41,29.31,21.53,26.62
北北基桃竹,2018,18,6059,811883,7.46,22.14,22.6,22.27,21.67,26.07,19.58,18.94,21.49,15.41,29.31,21.53
北北基桃竹,2018,19,5983,812249,7.37,16.82,22.14,22.6,22.27,21.67,26.07,19.58,18.94,21.49,15.41,29.31
北北基桃竹,2018,20,5504,811883,6.78,20.25,16.82,22.14,22.6,22.27,21.67,26.07,19.58,18.94,21.49,15.41
北北基桃竹,2018,21,5167,813023,6.36,18.83,20.25,16.82,22.14,22.6,22.27,21.67,26.07,19.58,18.94,21.49
北北基桃竹,2018,22,4946,811883,6.09,16.42,18.83,20.25,16.82,22.14,22.6,22.27,21.67,26.07,19.58,18.94
北北基桃竹,2018,23,4866,811883,5.99,12.37,16.42,18.83,20.25,16.82,22.14,22.6,22.27,21.67,26.07,19.58
北北基桃竹,2018,24,5046,811883,6.22,13.9,12.37,16.42,18.83,20.25,16.82,22.14,22.6,22.27,21.67,26.07
北北基桃竹,2018,25,4689,811883,5.78,9.31,13.9,12.37,16.42,18.83,20.25,16.82,22.14,22.6,22.27,21.67
北北基桃竹,2018,26,4694,811883,5.78,14.55,9.31,13.9,12.37,16.42,18.83,20.25,16.82,22.14,22.6,22.27
北北基桃竹,2018,27,4693,812344,5.78,9.64,14.55,9.31,13.9,12.37,16.42,18.83,20.25,16.82,22.14,22.6
北北基桃竹,2018,28,4577,811883,5.64,9.38,9.64,14.55,9.31,13.9,12.37,16.42,18.83,20.25,16.82,22.14
北北基桃竹,2018,29,4589,811883,5.65,9.23,9.38,9.64,14.55,9.31,13.9,12.37,16.42,18.83,20.25,16.82
北北基桃竹,2018,30,4439,811883,5.47,17.2,9.23,9.38,9.64,14.55,9.31,13.9,12.37,16.42,18.83,20.25
北北基桃竹,2018,31,4507,811883,5.55,16.03,17.2,9.23,9.38,9.64,14.55,9.31,13.9,12.37,16.42,18.83
北北基桃竹,2018,32,4682,812249,5.76,18.23,16.03,17.2,9.23,9.38,9.64,14.55,9.31,13.9,12.37,16.42
北北基桃竹,2018,33,4862,812264,5.99,11.41,18.23,16.03,17.2,9.23,9.38,9.64,14.55,9.31,13.9,12.37
北北基桃竹,2018,34,5025,811883,6.19,10.2,11.41,18.23,16.03,17.2,9.23,9.38,9.64,14.55,9.31,13.9
北北基桃竹,2018,35,5401,812249,6.65,11.24,10.2,11.41,18.23,16.03,17.2,9.23,9.38,9.64,14.55,9.31
北北基桃竹,2018,36,5390,812710,6.63,15.33,11.24,10.2,11.41,18.23,16.03,17.2,9.23,9.38,9.64,14.55
北北基桃竹,2018,37,5656,812710,6.96,9.7,15.33,11.24,10.2,11.41,18.23,16.03,17.2,9.23,9.38,9.64
北北基桃竹,2018,38,5756,813065,7.08,18.87,9.7,15.33,11.24,10.2,11.41,18.23,16.03,17.2,9.23,9.38
北北基桃竹,2018,39,5595,812291,6.89,13.09,18.87,9.7,15.33,11.24,10.2,11.41,18.23,16.03,17.2,9.23
北北基桃竹,2018,40,6395,813065,7.87,16.03,13.09,18.87,9.7,15.33,11.24,10.2,11.41,18.23,16.03,17.2
北北基桃竹,2018,41,5721,811883,7.05,11.22,16.03,13.09,18.87,9.7,15.33,11.24,10.2,11.41,18.23,16.03
北北基桃竹,2018,42,5868,812291,7.22,11.69,11.22,16.03,13.09,18.87,9.7,15.33,11.24,10.2,11.41,18.23
北北基桃竹,2018,43,6035,811883,7.43,17.38,11.69,11.22,16.03,13.09,18.87,9.7,15.33,11.24,10.2,11.41
北北基桃竹,2018,44,6800,812710,8.37,11.03,17.38,11.69,11.22,16.03,13.09,18.87,9.7,15.33,11.24,10.2
北北基桃竹,2018,45,5883,812710,7.24,19.11,11.03,17.38,11.69,11.22,16.03,13.09,18.87,9.7,15.33,11.24
北北基桃竹,2018,46,5975,811883,7.36,13.06,19.11,11.03,17.38,11.69,11.22,16.03,13.09,18.87,9.7,15.33
北北基桃竹,2018,47,5946,811883,7.32,11.36,13.06,19.11,11.03,17.38,11.69,11.22,16.03,13.09,18.87,9.7
北北基桃竹,2018,48,6777,812752,8.34,17.23,11.36,13.06,19.11,11.03,17.38,11.69,11.22,16.03,13.09,18.87
北北基桃竹,2018,49,7156,812249,8.81,12.18,17.23,11.36,13.06,19.11,11.03,17.38,11.69,11.22,16.03,13.09
北北基桃竹,2018,50,7330,812231,9.02,9.85,12.18,17.23,11.36,13.06,19.11,11.03,17.38,11.69,11.22,16.03
北北基桃竹,2018,51,7851,812344,9.66,21.12,9.85,12.18,17.23,11.36,13.06,19.11,11.03,17.38,11.69,11.22
北北基桃竹,2018,52,7657,811883,9.43,7.16,21.12,9.85,12.18,17.23,11.36,13.06,19.11,11.03,17.38,11.69
北北基桃竹,2019,1,6098,814289,7.49,9.43,7.16,21.12,9.85,12.18,17.23,11.36,13.06,19.11,11.03,17.38
北北基桃竹,2019,2,7953,814681,9.76,13.86,9.43,7.16,21.12,9.85,12.18,17.23,11.36,13.06,19.11,11.03
北北基桃竹,2019,3,7828,814681,9.61,17.9,13.86,9.43,7.16,21.12,9.85,12.18,17.23,11.36,13.06,19.11
北北基桃竹,2019,4,8601,814289,10.56,19.35,17.9,13.86,9.43,7.16,21.12,9.85,12.18,17.23,11.36,13.06
北北基桃竹,2019,5,10889,815162,13.36,22.4,19.35,17.9,13.86,9.43,7.16,21.12,9.85,12.18,17.23,11.36
北北基桃竹,2019,6,4906,814289,6.02,14.74,22.4,19.35,17.9,13.86,9.43,7.16,21.12,9.85,12.18,17.23
北北基桃竹,2019,7,9462,815471,11.6,11.3,14.74,22.4,19.35,17.9,13.86,9.43,7.16,21.12,9.85,12.18
北北基桃竹,2019,8,7702,815954,9.44,13.99,11.3,14.74,22.4,19.35,17.9,13.86,9.43,7.16,21.12,9.85
北北基桃竹,2019,9,7342,815081,9.01,22.12,13.99,11.3,14.74,22.4,19.35,17.9,13.86,9.43,7.16,21.12
北北基桃竹,2019,10,7593,814289,9.32,15.65,22.12,13.99,11.3,14.74,22.4,19.35,17.9,13.86,9.43,7.16
北北基桃竹,2019,11,8181,814661,10.04,19.89,15.65,22.12,13.99,11.3,14.74,22.4,19.35,17.9,13.86,9.43
北北基桃竹,2019,12,7733,814289,9.5,18.42,19.89,15.65,22.12,13.99,11.3,14.74,22.4,19.35,17.9,13.86
北北基桃竹,2019,13,7489,814289,9.2,17.31,18.42,19.89,15.65,22.12,13.99,11.3,14.74,22.4,19.35,17.9
北北基桃竹,2019,14,7283,814289,8.94,20.95,17.31,18.42,19.89,15.65,22.12,13.99,11.3,14.74,22.4,19.35
北北基桃竹,2019,15,7469,814289,9.17,16.36,20.95,17.31,18.42,19.89,15.65,22.12,13.99,11.3,14.74,22.4
北北基桃竹,2019,16,7132,814770,8.75,20.24,16.36,20.95,17.31,18.42,19.89,15.65,22.12,13.99,11.3,14.74
北北基桃竹,2019,17,6113,814679,7.5,16.89,20.24,16.36,20.95,17.31,18.42,19.89,15.65,22.12,13.99,11.3
北北基桃竹,2019,18,6427,814289,7.89,14.15,16.89,20.24,16.36,20.95,17.31,18.42,19.89,15.65,22.12,13.99
北北基桃竹,2019,19,6602,814289,8.11,11.18,14.15,16.89,20.24,16.36,20.95,17.31,18.42,19.89,15.65,22.12
北北基桃竹,2019,20,6027,814289,7.4,15.34,11.18,14.15,16.89,20.24,16.36,20.95,17.31,18.42,19.89,15.65
北北基桃竹,2019,21,6322,814289,7.76,15.8,15.34,11.18,14.15,16.89,20.24,16.36,20.95,17.31,18.42,19.89
北北基桃竹,2019,22,6151,814289,7.55,11.35,15.8,15.34,11.18,14.15,16.89,20.24,16.36,20.95,17.31,18.42
北北基桃竹,2019,23,5464,814770,6.71,10.24,11.35,15.8,15.34,11.18,14.15,16.89,20.24,16.36,20.95,17.31
北北基桃竹,2019,24,5967,814770,7.32,12.14,10.24,11.35,15.8,15.34,11.18,14.15,16.89,20.24,16.36,20.95
北北基桃竹,2019,25,5740,814289,7.05,9.49,12.14,10.24,11.35,15.8,15.34,11.18,14.15,16.89,20.24,16.36
北北基桃竹,2019,26,5310,814770,6.52,9.97,9.49,12.14,10.24,11.35,15.8,15.34,11.18,14.15,16.89,20.24
北北基桃竹,2019,27,5048,814289,6.2,8.76,9.97,9.49,12.14,10.24,11.35,15.8,15.34,11.18,14.15,16.89
北北基桃竹,2019,28,5198,814289,6.38,11.9,8.76,9.97,9.49,12.14,10.24,11.35,15.8,15.34,11.18,14.15
北北基桃竹,2019,29,5128,814770,6.29,9.83,11.9,8.76,9.97,9.49,12.14,10.24,11.35,15.8,15.34,11.18
北北基桃竹,2019,30,4876,814289,5.99,11.24,9.83,11.9,8.76,9.97,9.49,12.14,10.24,11.35,15.8,15.34
北北基桃竹,2019,31,4925,814681,6.05,8.84,11.24,9.83,11.9,8.76,9.97,9.49,12.14,10.24,11.35,15.8
北北基桃竹,2019,32,4675,814770,5.74,10.72,8.84,11.24,9.83,11.9,8.76,9.97,9.49,12.14,10.24,11.35
北北基桃竹,2019,33,4916,815081,6.03,11.48,10.72,8.84,11.24,9.83,11.9,8.76,9.97,9.49,12.14,10.24
北北基桃竹,2019,34,5025,814289,6.17,9.86,11.48,10.72,8.84,11.24,9.83,11.9,8.76,9.97,9.49,12.14
北北基桃竹,2019,35,5036,814289,6.18,12.07,9.86,11.48,10.72,8.84,11.24,9.83,11.9,8.76,9.97,9.49
北北基桃竹,2019,36,5175,814289,6.36,10.4,12.07,9.86,11.48,10.72,8.84,11.24,9.83,11.9,8.76,9.97
北北基桃竹,2019,37,5268,815081,6.46,11.79,10.4,12.07,9.86,11.48,10.72,8.84,11.24,9.83,11.9,8.76
北北基桃竹,2019,38,5986,814289,7.35,13.64,11.79,10.4,12.07,9.86,11.48,10.72,8.84,11.24,9.83,11.9
北北基桃竹,2019,39,6159,814289,7.56,7.76,13.64,11.79,10.4,12.07,9.86,11.48,10.72,8.84,11.24,9.83
北北基桃竹,2019,40,5612,814661,6.89,21.05,7.76,13.64,11.79,10.4,12.07,9.86,11.48,10.72,8.84,11.24
北北基桃竹,2019,41,5924,814622,7.27,16.2,21.05,7.76,13.64,11.79,10.4,12.07,9.86,11.48,10.72,8.84
北北基桃竹,2019,42,6777,814289,8.32,13.82,16.2,21.05,7.76,13.64,11.79,10.4,12.07,9.86,11.48,10.72
北北基桃竹,2019,43,6711,815142,8.23,13.08,13.82,16.2,21.05,7.76,13.64,11.79,10.4,12.07,9.86,11.48
北北基桃竹,2019,44,6439,814289,7.91,17.67,13.08,13.82,16.2,21.05,7.76,13.64,11.79,10.4,12.07,9.86
北北基桃竹,2019,45,6609,814661,8.11,12.52,17.67,13.08,13.82,16.2,21.05,7.76,13.64,11.79,10.4,12.07
北北基桃竹,2019,46,7364,814622,9.04,20.57,12.52,17.67,13.08,13.82,16.2,21.05,7.76,13.64,11.79,10.4
北北基桃竹,2019,47,7095,814289,8.71,9.75,20.57,12.52,17.67,13.08,13.82,16.2,21.05,7.76,13.64,11.79
北北基桃竹,2019,48,7028,814289,8.63,11.22,9.75,20.57,12.52,17.67,13.08,13.82,16.2,21.05,7.76,13.64
北北基桃竹,2019,49,7355,814661,9.03,10.82,11.22,9.75,20.57,12.52,17.67,13.08,13.82,16.2,21.05,7.76
北北基桃竹,2019,50,8385,815845,10.28,16.2,10.82,11.22,9.75,20.57,12.52,17.67,13.08,13.82,16.2,21.05
北北基桃竹,2019,51,8114,814661,9.96,9.8,16.2,10.82,11.22,9.75,20.57,12.52,17.67,13.08,13.82,16.2
北北基桃竹,2019,52,8038,814661,9.87,11.9,9.8,16.2,10.82,11.22,9.75,20.57,12.52,17.67,13.08,13.82
宜花東,2016,1,139,48045,2.89,11.08,12.47,13.37,16.57,12.26,12.1,8.56,10.29,9.47,10.39,15.91
宜花東,2016,2,396,52670,7.52,12.52,11.08,12.47,13.37,16.57,12.26,12.1,8.56,10.29,9.47,10.39
宜花東,2016,3,372,51765,7.19,14.65,12.52,11.08,12.47,13.37,16.57,12.26,12.1,8.56,10.29,9.47
宜花東,2016,4,422,51571,8.18,10.91,14.65,12.52,11.08,12.47,13.37,16.57,12.26,12.1,8.56,10.29
宜花東,2016,5,471,52100,9.04,7.63,10.91,14.65,12.52,11.08,12.47,13.37,16.57,12.26,12.1,8.56
宜花東,2016,6,578,53604,10.78,22.49,7.63,10.91,14.65,12.52,11.08,12.47,13.37,16.57,12.26,12.1
宜花東,2016,7,270,51591,5.23,11.75,22.49,7.63,10.91,14.65,12.52,11.08,12.47,13.37,16.57,12.26
宜花東,2016,8,592,55657,10.64,16.13,11.75,22.49,7.63,10.91,14.65,12.52,11.08,12.47,13.37,16.57
宜花東,2016,9,576,54577,10.55,14.66,16.13,11.75,22.49,7.63,10.91,14.65,12.52,11.08,12.47,13.37
宜花東,2016,10,569,52827,10.77,11.8,14.66,16.13,11.75,22.49,7.63,10.91,14.65,12.52,11.08,12.47
宜花東,2016,11,447,50780,8.8,11.67,11.8,14.66,16.13,11.75,22.49,7.63,10.91,14.65,12.52,11.08
宜花東,2016,12,441,52721,8.36,17.44,11.67,11.8,14.66,16.13,11.75,22.49,7.63,10.91,14.65,12.52
宜花東,2016,13,435,54496,7.98,22.22,17.44,11.67,11.8,14.66,16.13,11.75,22.49,7.63,10.91,14.65
宜花東,2016,14,472,50859,9.28,22.77,22.22,17.44,11.67,11.8,14.66,16.13,11.75,22.49,7.63,10.91
宜花東,2016,15,343,50337,6.81,15.48,22.77,22.22,17.44,11.67,11.8,14.66,16.13,11.75,22.49,7.63
宜花東,2016,16,336,49491,6.79,12.78,15.48,22.77,22.22,17.44,11.67,11.8,14.66,16.13,11.75,22.49
宜花東,2016,17,325,51060,6.37,15.9,12.78,15.48,22.77,22.22,17.44,11.67,11.8,14.66,16.13,11.75
宜花東,2016,18,346,49403,7.0,22.11,15.9,12.78,15.48,22.77,22.22,17.44,11.67,11.8,14.66,16.13
宜花東,2016,19,330,51393,6.42,10.74,22.11,15.9,12.78,15.48,22.77,22.22,17.44,11.67,11.8,14.66
宜花東,2016,20,307,48569,6.32,9.63,10.74,22.11,15.9,12.78,15.48,22.77,22.22,17.44,11.67,11.8
宜花東,2016,21,312,49491,6.3,10.59,9.63,10.74,22.11,15.9,12.78,15.48,22.77,22.22,17.44,11.67
宜花東,2016,22,259,51456,5.03,10.15,10.59,9.63,10.74,22.11,15.9,12.78,15.48,22.77,22.22,17.44
宜花東,2016,23,253,48761,5.19,9.03,10.15,10.59,9.63,10.74,22.11,15.9,12.78,15.48,22.77,22.22
宜花東,2016,24,253,48761,5.19,7.63,9.03,10.15,10.59,9.63,10.74,22.11,15.9,12.78,15.48,22.77
宜花東,2016,25,300,50089,5.99,7.94,7.63,9.03,10.15,10.59,9.63,10.74,22.11,15.9,12.78,15.48
宜花東,2016,26,280,51481,5.44,7.53,7.94,7.63,9.03,10.15,10.59,9.63,10.74,22.11,15.9,12.78
宜花東,2016,27,247,49364,5.0,6.52,7.53,7.94,7.63,9.03,10.15,10.59,9.63,10.74,22.11,15.9
宜花東,2016,28,213,49101,4.34,7.73,6.52,7.53,7.94,7.63,9.03,10.15,10.59,9.63,10.74,22.11
宜花東,2016,29,225,48849,4.61,10.44,7.73,6.52,7.53,7.94,7.63,9.03,10.15,10.59,9.63,10.74
宜花東,2016,30,237,49101,4.83,11.53,10.44,7.73,6.52,7.53,7.94,7.63,9.03,10.15,10.59,9.63
宜花東,2016,31,226,48687,4.64,9.48,11.53,10.44,7.73,6.52,7.53,7.94,7.63,9.03,10.15,10.59
宜花東,2016,32,242,48687,4.97,9.44,9.48,11.53,10.44,7.73,6.52,7.53,7.94,7.63,9.03,10.15
宜花東,2016,33,247,48648,5.08,7.0,9.44,9.48,11.53,10.44,7.73,6.52,7.53,7.94,7.63,9.03
宜花東,2016,34,230,48761,4.72,11.98,7.0,9.44,9.48,11.53,10.44,7.73,6.52,7.53,7.94,7.63
宜花東,2016,35,241,48045,5.02,16.11,11.98,7.0,9.44,9.48,11.53,10.44,7.73,6.52,7.53,7.94
宜花東,2016,36,270,48878,5.52,9.9,16.11,11.98,7.0,9.44,9.48,11.53,10.44,7.73,6.52,7.53
宜花東,2016,37,254,51096,4.97,6.27,9.9,16.11,11.98,7.0,9.44,9.48,11.53,10.44,7.73,6.52
宜花東,2016,38,232,48687,4.77,9.78,6.27,9.9,16.11,11.98,7.0,9.44,9.48,11.53,10.44,7.73
宜花東,2016,39,264,48045,5.49,10.93,9.78,6.27,9.9,16.11,11.98,7.0,9.44,9.48,11.53,10.44
宜花東,2016,40,243,48045,5.06,8.57,10.93,9.78,6.27,9.9,16.11,11.98,7.0,9.44,9.48,11.53
宜花東,2016,41,255,48045,5.31,5.15,8.57,10.93,9.78,6.27,9.9,16.11,11.98,7.0,9.44,9.48
宜花東,2016,42,229,49101,4.66,7.77,5.15,8.57,10.93,9.78,6.27,9.9,16.11,11.98,7.0,9.44
宜花東,2016,43,249,50263,4.95,8.27,7.77,5.15,8.57,10.93,9.78,6.27,9.9,16.11,11.98,7.0
宜花東,2016,44,272,51170,5.32,8.29,8.27,7.77,5.15,8.57,10.93,9.78,6.27,9.9,16.11,11.98
宜花東,2016,45,332,51662,6.43,8.9,8.29,8.27,7.77,5.15,8.57,10.93,9.78,6.27,9.9,16.11
宜花東,2016,46,314,52567,5.97,13.72,8.9,8.29,8.27,7.77,5.15,8.57,10.93,9.78,6.27,9.9
宜花東,2016,47,326,50263,6.49,8.19,13.72,8.9,8.29,8.27,7.77,5.15,8.57,10.93,9.78,6.27
宜花東,2016,48,311,49491,6.28,10.41,8.19,13.72,8.9,8.29,8.27,7.77,5.15,8.57,10.93,9.78
宜花東,2016,49,325,51962,6.25,13.76,10.41,8.19,13.72,8.9,8.29,8.27,7.77,5.15,8.57,10.93
宜花東,2016,50,358,49592,7.22,11.33,13.76,10.41,8.19,13.72,8.9,8.29,8.27,7.77,5.15,8.57
宜花東,2016,51,353,52472,6.73,12.07,11.33,13.76,10.41,8.19,13.72,8.9,8.29,8.27,7.77,5.15
宜花東,2016,52,380,53278,7.13,14.32,12.07,11.33,13.76,10.41,8.19,13.72,8.9,8.29,8.27,7.77
宜花東,2017,1,366,53007,6.9,11.97,14.32,12.07,11.33,13.76,10.41,8.19,13.72,8.9,8.29,8.27
宜花東,2017,2,370,50573,7.32,15.56,11.97,14.32,12.07,11.33,13.76,10.41,8.19,13.72,8.9,8.29
宜花東,2017,3,369,49209,7.5,10.47,15.56,11.97,14.32,12.07,11.33,13.76,10.41,8.19,13.72,8.9
宜花東,2017,4,403,51803,7.78,13.46,10.47,15.56,11.97,14.32,12.07,11.33,13.76,10.41,8.19,13.72
宜花東,2017,5,339,51826,6.54,9.85,13.46,10.47,15.56,11.97,14.32,12.07,11.33,13.76,10.41,8.19
宜花東,2017,6,435,51529,8.44,20.12,9.85,13.46,10.47,15.56,11.97,14.32,12.07,11.33,13.76,10.41
宜花東,2017,7,460,51641,8.91,15.12,20.12,9.85,13.46,10.47,15.56,11.97,14.32,12.07,11.33,13.76
宜花東,2017,8,383,49611,7.72,12.46,15.12,20.12,9.85,13.46,10.47,15.56,11.97,14.32,12.07,11.33
宜花東,2017,9,326,52178,6.25,18.51,12.46,15.12,20.12,9.85,13.46,10.47,15.56,11.97,14.32,12.07
宜花東,2017,10,364,50539,7.2,15.84,18.51,12.46,15.12,20.12,9.85,13.46,10.47,15.56,11.97,14.32
宜花東,2017,11,347,49927,6.95,12.38,15.84,18.51,12.46,15.12,20.12,9.85,13.46,10.47,15.56,11.97
宜花東,2017,12,327,49712,6.58,11.94,12.38,15.84,18.51,12.46,15.12,20.12,9.85,13.46,10.47,15.56
宜花東,2017,13,380,50986,7.45,20.77,11.94,12.38,15.84,18.51,12.46,15.12,20.12,9.85,13.46,10.47
宜花東,2017,14,410,50303,8.15,19.64,20.77,11.94,12.38,15.84,18.51,12.46,15.12,20.12,9.85,13.46
宜花東,2017,15,344,51513,6.68,14.79,19.64,20.77,11.94,12.38,15.84,18.51,12.46,15.12,20.12,9.85
宜花東,2017,16,315,51108,6.16,14.97,14.79,19.64,20.77,11.94,12.38,15.84,18.51,12.46,15.12,20.12
宜花東,2017,17,394,52381,7.52,13.14,14.97,14.79,19.64,20.77,11.94,12.38,15.84,18.51,12.46,15.12
宜花東,2017,18,353,51300,6.88,14.04,13.14,14.97,14.79,19.64,20.77,11.94,12.38,15.84,18.51,12.46
宜花東,2017,19,320,52141,6.14,11.5,14.04,13.14,14.97,14.79,19.64,20.77,11.94,12.38,15.84,18.51
宜花東,2017,20,319,51389,6.21,10.18,11.5,14.04,13.14,14.97,14.79,19.64,20.77,11.94,12.38,15.84
宜花東,2017,21,280,51299,5.46,7.97,10.18,11.5,14.04,13.14,14.97,14.79,19.64,20.77,11.94,12.38
宜花東,2017,22,289,49765,5.81,8.21,7.97,10.18,11.5,14.04,13.14,14.97,14.79,19.64,20.77,11.94
宜花東,2017,23,303,51203,5.92,8.91,8.21,7.97,10.18,11.5,14.04,13.14,14.97,14.79,19.64,20.77
宜花東,2017,24,335,50757,6.6,6.66,8.91,8.21,7.97,10.18,11.5,14.04,13.14,14.97,14.79,19.64
宜花東,2017,25,314,50976,6.16,9.59,6.66,8.91,8.21,7.97,10.18,11.5,14.04,13.14,14.97,14.79
宜花東,2017,26,296,50258,5.89,10.68,9.59,6.66,8.91,8.21,7.97,10.18,11.5,14.04,13.14,14.97
宜花東,2017,27,274,49961,5.48,6.27,10.68,9.59,6.66,8.91,8.21,7.97,10.18,11.5,14.04,13.14
宜花東,2017,28,306,50539,6.05,7.25,6.27,10.68,9.59,6.66,8.91,8.21,7.97,10.18,11.5,14.04
宜花東,2017,29,246,49927,4.93,7.79,7.25,6.27,10.68,9.59,6.66,8.91,8.21,7.97,10.18,11.5
宜花東,2017,30,238,49209,4.84,8.92,7.79,7.25,6.27,10.68,9.59,6.66,8.91,8.21,7.97,10.18
宜花東,2017,31,207,49209,4.21,12.61,8.92,7.79,7.25,6.27,10.68,9.59,6.66,8.91,8.21,7.97
宜花東,2017,32,211,49209,4.29,14.57,12.61,8.92,7.79,7.25,6.27,10.68,9.59,6.66,8.91,8.21
宜花東,2017,33,212,49209,4.31,12.33,14.57,12.61,8.92,7.79,7.25,6.27,10.68,9.59,6.66,8.91
宜花東,2017,34,231,49209,4.69,7.93,12.33,14.57,12.61,8.92,7.79,7.25,6.27,10.68,9.59,6.66
宜花東,2017,35,222,49209,4.51,7.75,7.93,12.33,14.57,12.61,8.92,7.79,7.25,6.27,10.68,9.59
宜花東,2017,36,217,50811,4.27,10.05,7.75,7.93,12.33,14.57,12.61,8.92,7.79,7.25,6.27,10.68
宜花東,2017,37,243,49209,4.94,11.44,10.05,7.75,7.93,12.33,14.57,12.61,8.92,7.79,7.25,6.27
宜花東,2017,38,263,50679,5.19,14.34,11.44,10.05,7.75,7.93,12.33,14.57,12.61,8.92,7.79,7.25
宜花東,2017,39,260,50539,5.14,11.14,14.34,11.44,10.05,7.75,7.93,12.33,14.57,12.61,8.92,7.79
宜花東,2017,40,267,49927,5.35,12.82,11.14,14.34,11.44,10.05,7.75,7.93,12.33,14.57,12.61,8.92
宜花東,2017,41,233,49209,4.73,6.92,12.82,11.14,14.34,11.44,10.05,7.75,7.93,12.33,14.57,12.61
宜花東,2017,42,275,51010,5.39,7.87,6.92,12.82,11.14,14.34,11.44,10.05,7.75,7.93,12.33,14.57
宜花東,2017,43,298,50552,5.89,18.19,7.87,6.92,12.82,11.14,14.34,11.44,10.05,7.75,7.93,12.33
宜花東,2017,44,333,50258,6.63,12.52,18.19,7.87,6.92,12.82,11.14,14.34,11.44,10.05,7.75,7.93
宜花東,2017,45,307,49991,6.14,10.12,12.52,18.19,7.87,6.92,12.82,11.14,14.34,11.44,10.05,7.75
宜花東,2017,46,311,49991,6.22,8.95,10.12,12.52,18.19,7.87,6.92,12.82,11.14,14.34,11.44,10.05
宜花東,2017,47,322,50258,6.41,9.14,8.95,10.12,12.52,18.19,7.87,6.92,12.82,11.14,14.34,11.44
宜花東,2017,48,335,51040,6.56,9.06,9.14,8.95,10.12,12.52,18.19,7.87,6.92,12.82,11.14,14.34
宜花東,2017,49,368,50849,7.24,14.05,9.06,9.14,8.95,10.12,12.52,18.19,7.87,6.92,12.82,11.14
宜花東,2017,50,458,52481,8.73,12.05,14.05,9.06,9.14,8.95,10.12,12.52,18.19,7.87,6.92,12.82
宜花東,2017,51,427,52231,8.18,12.22,12.05,14.05,9.06,9.14,8.95,10.12,12.52,18.19,7.87,6.92
宜花東,2017,52,524,51760,10.12,18.85,12.22,12.05,14.05,9.06,9.14,8.95,10.12,12.52,18.19,7.87
宜花東,2018,1,469,60177,7.79,11.52,18.85,12.22,12.05,14.05,9.06,9.14,8.95,10.12,12.52,18.19
宜花東,2018,2,426,61114,6.97,12.57,11.52,18.85,12.22,12.05,14.05,9.06,9.14,8.95,10.12,12.52
宜花東,2018,3,486,61991,7.84,12.63,12.57,11.52,18.85,12.22,12.05,14.05,9.06,9.14,8.95,10.12
宜花東,2018,4,416,60027,6.93,10.19,12.63,12.57,11.52,18.85,12.22,12.05,14.05,9.06,9.14,8.95
宜花東,2018,5,407,61002,6.67,8.82,10.19,12.63,12.57,11.52,18.85,12.22,12.05,14.05,9.06,9.14
宜花東,2018,6,425,59424,7.15,11.26,8.82,10.19,12.63,12.57,11.52,18.85,12.22,12.05,14.05,9.06
宜花東,2018,7,387,58918,6.57,16.89,11.26,8.82,10.19,12.63,12.57,11.52,18.85,12.22,12.05,14.05
宜花東,2018,8,437,58947,7.41,11.9,16.89,11.26,8.82,10.19,12.63,12.57,11.52,18.85,12.22,12.05
宜花東,2018,9,444,59736,7.43,14.62,11.9,16.89,11.26,8.82,10.19,12.63,12.57,11.52,18.85,12.22
宜花東,2018,10,424,61962,6.84,11.54,14.62,11.9,16.89,11.26,8.82,10.19,12.63,12.57,11.52,18.85
宜花東,2018,11,393,58882,6.67,12.34,11.54,14.62,11.9,16.89,11.26,8.82,10.19,12.63,12.57,11.52
宜花東,2018,12,391,58272,6.71,15.13,12.34,11.54,14.62,11.9,16.89,11.26,8.82,10.19,12.63,12.57
宜花東,2018,13,453,60952,7.43,14.32,15.13,12.34,11.54,14.62,11.9,16.89,11.26,8.82,10.19,12.63
宜花東,2018,14,338,57006,5.93,16.68,14.32,15.13,12.34,11.54,14.62,11.9,16.89,11.26,8.82,10.19
宜花東,2018,15,408,59562,6.85,11.24,16.68,14.32,15.13,12.34,11.54,14.62,11.9,16.89,11.26,8.82
宜花東,2018,16,384,58711,6.54,13.22,11.24,16.68,14.32,15.13,12.34,11.54,14.62,11.9,16.89,11.26
宜花東,2018,17,318,57943,5.49,14.5,13.22,11.24,16.68,14.32,15.13,12.34,11.54,14.62,11.9,16.89
宜花東,2018,18,316,58740,5.38,12.74,14.5,13.22,11.24,16.68,14.32,15.13,12.34,11.54,14.62,11.9
宜花東,2018,19,344,57981,5.93,11.64,12.74,14.5,13.22,11.24,16.68,14.32,15.13,12.34,11.54,14.62
宜花東,2018,20,309,57006,5.42,9.95,11.64,12.74,14.5,13.22,11.24,16.68,14.32,15.13,12.34,11.54
宜花東,2018,21,278,58272,4.77,12.32,9.95,11.64,12.74,14.5,13.22,11.24,16.68,14.32,15.13,12.34
宜花東,2018,22,272,57738,4.71,10.39,12.32,9.95,11.64,12.74,14.5,13.22,11.24,16.68,14.32,15.13
宜花東,2018,23,269,59531,4.52,7.91,10.39,12.32,9.95,11.64,12.74,14.5,13.22,11.24,16.68,14.32
宜花東,2018,24,274,57943,4.73,10.82,7.91,10.39,12.32,9.95,11.64,12.74,14.5,13.22,11.24,16.68
宜花東,2018,25,249,57981,4.29,7.62,10.82,7.91,10.39,12.32,9.95,11.64,12.74,14.5,13.22,11.24
宜花東,2018,26,259,57981,4.47,10.08,7.62,10.82,7.91,10.39,12.32,9.95,11.64,12.74,14.5,13.22
宜花東,2018,27,260,57006,4.56,9.4,10.08,7.62,10.82,7.91,10.39,12.32,9.95,11.64,12.74,14.5
宜花東,2018,28,253,58478,4.33,6.36,9.4,10.08,7.62,10.82,7.91,10.39,12.32,9.95,11.64,12.74
宜花東,2018,29,232,57006,4.07,6.05,6.36,9.4,10.08,7.62,10.82,7.91,10.39,12.32,9.95,11.64
宜花東,2018,30,243,57943,4.19,10.18,6.05,6.36,9.4,10.08,7.62,10.82,7.91,10.39,12.32,9.95
宜花東,2018,31,232,57006,4.07,12.36,10.18,6.05,6.36,9.4,10.08,7.62,10.82,7.91,10.39,12.32
宜花東,2018,32,262,58272,4.5,11.7,12.36,10.18,6.05,6.36,9.4,10.08,7.62,10.82,7.91,10.39
宜花東,2018,33,259,59209,4.37,7.23,11.7,12.36,10.18,6.05,6.36,9.4,10.08,7.62,10.82,7.91
宜花東,2018,34,258,57006,4.53,6.2,7.23,11.7,12.36,10.18,6.05,6.36,9.4,10.08,7.62,10.82
宜花東,2018,35,242,58114,4.16,5.71,6.2,7.23,11.7,12.36,10.18,6.05,6.36,9.4,10.08,7.62
宜花東,2018,36,265,60317,4.39,9.51,5.71,6.2,7.23,11.7,12.36,10.18,6.05,6.36,9.4,10.08
宜花東,2018,37,255,57006,4.47,6.57,9.51,5.71,6.2,7.23,11.7,12.36,10.18,6.05,6.36,9.4
宜花東,2018,38,308,58656,5.25,7.86,6.57,9.51,5.71,6.2,7.23,11.7,12.36,10.18,6.05,6.36
宜花東,2018,39,310,58918,5.26,8.85,7.86,6.57,9.51,5.71,6.2,7.23,11.7,12.36,10.18,6.05
宜花東,2018,40,331,57738,5.73,13.96,8.85,7.86,6.57,9.51,5.71,6.2,7.23,11.7,12.36,10.18
宜花東,2018,41,270,57943,4.66,7.68,13.96,8.85,7.86,6.57,9.51,5.71,6.2,7.23,11.7,12.36
宜花東,2018,42,303,57774,5.24,10.12,7.68,13.96,8.85,7.86,6.57,9.51,5.71,6.2,7.23,11.7
宜花東,2018,43,255,57006,4.47,12.87,10.12,7.68,13.96,8.85,7.86,6.57,9.51,5.71,6.2,7.23
宜花東,2018,44,315,59628,5.28,8.08,12.87,10.12,7.68,13.96,8.85,7.86,6.57,9.51,5.71,6.2
宜花東,2018,45,260,57943,4.49,7.94,8.08,12.87,10.12,7.68,13.96,8.85,7.86,6.57,9.51,5.71
宜花東,2018,46,280,57803,4.84,9.25,7.94,8.08,12.87,10.12,7.68,13.96,8.85,7.86,6.57,9.51
宜花東,2018,47,288,57006,5.05,8.56,9.25,7.94,8.08,12.87,10.12,7.68,13.96,8.85,7.86,6.57
宜花東,2018,48,310,59124,5.24,11.13,8.56,9.25,7.94,8.08,12.87,10.12,7.68,13.96,8.85,7.86
宜花東,2018,49,410,59004,6.95,7.47,11.13,8.56,9.25,7.94,8.08,12.87,10.12,7.68,13.96,8.85
宜花東,2018,50,391,60184,6.5,7.17,7.47,11.13,8.56,9.25,7.94,8.08,12.87,10.12,7.68,13.96
宜花東,2018,51,412,59894,6.88,12.49,7.17,7.47,11.13,8.56,9.25,7.94,8.08,12.87,10.12,7.68
宜花東,2018,52,419,59632,7.03,5.96,12.49,7.17,7.47,11.13,8.56,9.25,7.94,8.08,12.87,10.12
宜花東,2019,1,304,59022,5.15,6.9,5.96,12.49,7.17,7.47,11.13,8.56,9.25,7.94,8.08,12.87
宜花東,2019,2,354,60001,5.9,7.58,6.9,5.96,12.49,7.17,7.47,11.13,8.56,9.25,7.94,8.08
宜花東,2019,3,378,60429,6.26,10.71,7.58,6.9,5.96,12.49,7.17,7.47,11.13,8.56,9.25,7.94
宜花東,2019,4,393,58702,6.69,15.49,10.71,7.58,6.9,5.96,12.49,7.17,7.47,11.13,8.56,9.25
宜花東,2019,5,482,60969,7.91,11.14,15.49,10.71,7.58,6.9,5.96,12.49,7.17,7.47,11.13,8.56
宜花東,2019,6,208,58023,3.58,11.27,11.14,15.49,10.71,7.58,6.9,5.96,12.49,7.17,7.47,11.13
宜花東,2019,7,518,59905,8.65,7.56,11.27,11.14,15.49,10.71,7.58,6.9,5.96,12.49,7.17,7.47
宜花東,2019,8,419,60190,6.96,9.86,7.56,11.27,11.14,15.49,10.71,7.58,6.9,5.96,12.49,7.17
宜花東,2019,9,358,58742,6.09,12.84,9.86,7.56,11.27,11.14,15.49,10.71,7.58,6.9,5.96,12.49
宜花東,2019,10,376,59690,6.3,10.93,12.84,9.86,7.56,11.27,11.14,15.49,10.71,7.58,6.9,5.96
宜花東,2019,11,400,58742,6.81,16.45,10.93,12.84,9.86,7.56,11.27,11.14,15.49,10.71,7.58,6.9
宜花東,2019,12,364,58697,6.2,12.71,16.45,10.93,12.84,9.86,7.56,11.27,11.14,15.49,10.71,7.58
宜花東,2019,13,408,58971,6.92,13.64,12.71,16.45,10.93,12.84,9.86,7.56,11.27,11.14,15.49,10.71
宜花東,2019,14,344,59540,5.78,12.91,13.64,12.71,16.45,10.93,12.84,9.86,7.56,11.27,11.14,15.49
宜花東,2019,15,357,58971,6.05,11.81,12.91,13.64,12.71,16.45,10.93,12.84,9.86,7.56,11.27,11.14
宜花東,2019,16,341,59134,5.77,11.78,11.81,12.91,13.64,12.71,16.45,10.93,12.84,9.86,7.56,11.27
宜花東,2019,17,313,60469,5.18,12.05,11.78,11.81,12.91,13.64,12.71,16.45,10.93,12.84,9.86,7.56
宜花東,2019,18,316,58023,5.45,10.96,12.05,11.78,11.81,12.91,13.64,12.71,16.45,10.93,12.84,9.86
宜花東,2019,19,323,58023,5.57,8.2,10.96,12.05,11.78,11.81,12.91,13.64,12.71,16.45,10.93,12.84
宜花東,2019,20,318,59134,5.38,10.16,8.2,10.96,12.05,11.78,11.81,12.91,13.64,12.71,16.45,10.93
宜花東,2019,21,346,60669,5.7,12.87,10.16,8.2,10.96,12.05,11.78,11.81,12.91,13.64,12.71,16.45
宜花東,2019,22,319,61143,5.22,9.16,12.87,10.16,8.2,10.96,12.05,11.78,11.81,12.91,13.64,12.71
宜花東,2019,23,288,59002,4.88,8.31,9.16,12.87,10.16,8.2,10.96,12.05,11.78,11.81,12.91,13.64
宜花東,2019,24,326,59002,5.53,8.75,8.31,9.16,12.87,10.16,8.2,10.96,12.05,11.78,11.81,12.91
宜花東,2019,25,300,59271,5.06,10.47,8.75,8.31,9.16,12.87,10.16,8.2,10.96,12.05,11.78,11.81
宜花東,2019,26,262,58023,4.52,6.94,10.47,8.75,8.31,9.16,12.87,10.16,8.2,10.96,12.05,11.78
宜花東,2019,27,287,58971,4.87,8.65,6.94,10.47,8.75,8.31,9.16,12.87,10.16,8.2,10.96,12.05
宜花東,2019,28,241,58023,4.15,11.02,8.65,6.94,10.47,8.75,8.31,9.16,12.87,10.16,8.2,10.96
宜花東,2019,29,253,58971,4.29,7.36,11.02,8.65,6.94,10.47,8.75,8.31,9.16,12.87,10.16,8.2
宜花東,2019,30,274,60729,4.51,7.33,7.36,11.02,8.65,6.94,10.47,8.75,8.31,9.16,12.87,10.16
宜花東,2019,31,255,58023,4.39,6.19,7.33,7.36,11.02,8.65,6.94,10.47,8.75,8.31,9.16,12.87
宜花東,2019,32,270,60767,4.44,8.39,6.19,7.33,7.36,11.02,8.65,6.94,10.47,8.75,8.31,9.16
宜花東,2019,33,263,59750,4.4,10.62,8.39,6.19,7.33,7.36,11.02,8.65,6.94,10.47,8.75,8.31
宜花東,2019,34,268,59750,4.49,7.26,10.62,8.39,6.19,7.33,7.36,11.02,8.65,6.94,10.47,8.75
宜花東,2019,35,265,59930,4.42,6.06,7.26,10.62,8.39,6.19,7.33,7.36,11.02,8.65,6.94,10.47
宜花東,2019,36,266,60547,4.39,5.54,6.06,7.26,10.62,8.39,6.19,7.33,7.36,11.02,8.65,6.94
宜花東,2019,37,243,58023,4.19,8.93,5.54,6.06,7.26,10.62,8.39,6.19,7.33,7.36,11.02,8.65
宜花東,2019,38,323,60001,5.38,10.67,8.93,5.54,6.06,7.26,10.62,8.39,6.19,7.33,7.36,11.02
宜花東,2019,39,298,59002,5.05,7.8,10.67,8.93,5.54,6.06,7.26,10.62,8.39,6.19,7.33,7.36
宜花東,2019,40,308,58971,5.22,13.68,7.8,10.67,8.93,5.54,6.06,7.26,10.62,8.39,6.19,7.33
宜花東,2019,41,275,58023,4.74,15.57,13.68,7.8,10.67,8.93,5.54,6.06,7.26,10.62,8.39,6.19
宜花東,2019,42,325,60795,5.35,12.31,15.57,13.68,7.8,10.67,8.93,5.54,6.06,7.26,10.62,8.39
宜花東,2019,43,311,60629,5.13,13.09,12.31,15.57,13.68,7.8,10.67,8.93,5.54,6.06,7.26,10.62
宜花東,2019,44,304,58023,5.24,11.96,13.09,12.31,15.57,13.68,7.8,10.67,8.93,5.54,6.06,7.26
宜花東,2019,45,289,59371,4.87,10.79,11.96,13.09,12.31,15.57,13.68,7.8,10.67,8.93,5.54,6.06
宜花東,2019,46,350,59134,5.92,14.65,10.79,11.96,13.09,12.31,15.57,13.68,7.8,10.67,8.93,5.54
宜花東,2019,47,329,59777,5.5,7.67,14.65,10.79,11.96,13.09,12.31,15.57,13.68,7.8,10.67,8.93
宜花東,2019,48,339,58802,5.77,7.69,7.67,14.65,10.79,11.96,13.09,12.31,15.57,13.68,7.8,10.67
宜花東,2019,49,366,59750,6.13,7.81,7.69,7.67,14.65,10.79,11.96,13.09,12.31,15.57,13.68,7.8
宜花東,2019,50,440,58023,7.58,12.55,7.81,7.69,7.67,14.65,10.79,11.96,13.09,12.31,15.57,13.68
宜花東,2019,51,427,59931,7.12,6.71,12.55,7.81,7.69,7.67,14.65,10.79,11.96,13.09,12.31,15.57
宜花東,2019,52,425,58697,7.24,7.33,6.71,12.55,7.81,7.69,7.67,14.65,10.79,11.96,13.09,12.31
苗中彰投,2016,1,955,294682,3.24,27.86,24.55,29.55,26.79,18.85,25.1,22.59,35.36,38.14,26.53,32.99
苗中彰投,2016,2,2739,294682,9.29,21.61,27.86,24.55,29.55,26.79,18.85,25.1,22.59,35.36,38.14,26.53
苗中彰投,2016,3,2828,294682,9.6,23.8,21.61,27.86,24.55,29.55,26.79,18.85,25.1,22.59,35.36,38.14
苗中彰投,2016,4,2918,295579,9.87,17.5,23.8,21.61,27.86,24.55,29.55,26.79,18.85,25.1,22.59,35.36
苗中彰投,2016,5,3282,295579,11.1,13.19,17.5,23.8,21.61,27.86,24.55,29.55,26.79,18.85,25.1,22.59
苗中彰投,2016,6,4195,296422,14.15,35.49,13.19,17.5,23.8,21.61,27.86,24.55,29.55,26.79,18.85,25.1
苗中彰投,2016,7,2286,294682,7.76,20.21,35.49,13.19,17.5,23.8,21.61,27.86,24.55,29.55,26.79,18.85
苗中彰投,2016,8,4393,295579,14.86,31.1,20.21,35.49,13.19,17.5,23.8,21.61,27.86,24.55,29.55,26.79
苗中彰投,2016,9,4004,295579,13.55,30.75,31.1,20.21,35.49,13.19,17.5,23.8,21.61,27.86,24.55,29.55
苗中彰投,2016,10,3836,295579,12.98,32.63,30.75,31.1,20.21,35.49,13.19,17.5,23.8,21.61,27.86,24.55
苗中彰投,2016,11,3219,295579,10.89,22.11,32.63,30.75,31.1,20.21,35.49,13.19,17.5,23.8,21.61,27.86
苗中彰投,2016,12,3091,295579,10.46,31.21,22.11,32.63,30.75,31.1,20.21,35.49,13.19,17.5,23.8,21.61
苗中彰投,2016,13,2990,295099,10.13,36.26,31.21,22.11,32.63,30.75,31.1,20.21,35.49,13.19,17.5,23.8
苗中彰投,2016,14,3518,295579,11.9,44.61,36.26,31.21,22.11,32.63,30.75,31.1,20.21,35.49,13.19,17.5
苗中彰投,2016,15,2770,294682,9.4,28.71,44.61,36.26,31.21,22.11,32.63,30.75,31.1,20.21,35.49,13.19
苗中彰投,2016,16,2685,295108,9.1,24.7,28.71,44.61,36.26,31.21,22.11,32.63,30.75,31.1,20.21,35.49
苗中彰投,2016,17,2584,295579,8.74,24.06,24.7,28.71,44.61,36.26,31.21,22.11,32.63,30.75,31.1,20.21
苗中彰投,2016,18,2452,296005,8.28,32.35,24.06,24.7,28.71,44.61,36.26,31.21,22.11,32.63,30.75,31.1
苗中彰投,2016,19,2293,295099,7.77,20.26,32.35,24.06,24.7,28.71,44.61,36.26,31.21,22.11,32.63,30.75
苗中彰投,2016,20,2222,295579,7.52,22.92,20.26,32.35,24.06,24.7,28.71,44.61,36.26,31.21,22.11,32.63
苗中彰投,2016,21,2253,295579,7.62,25.56,22.92,20.26,32.35,24.06,24.7,28.71,44.61,36.26,31.21,22.11
苗中彰投,2016,22,2070,295579,7.0,12.71,25.56,22.92,20.26,32.35,24.06,24.7,28.71,44.61,36.26,31.21
苗中彰投,2016,23,1845,295579,6.24,13.51,12.71,25.56,22.92,20.26,32.35,24.06,24.7,28.71,44.61,36.26
苗中彰投,2016,24,1742,294682,5.91,8.84,13.51,12.71,25.56,22.92,20.26,32.35,24.06,24.7,28.71,44.61
苗中彰投,2016,25,1810,294682,6.14,12.2,8.84,13.51,12.71,25.56,22.92,20.26,32.35,24.06,24.7,28.71
苗中彰投,2016,26,1686,294682,5.72,13.02,12.2,8.84,13.51,12.71,25.56,22.92,20.26,32.35,24.06,24.7
苗中彰投,2016,27,1639,294682,5.56,14.99,13.02,12.2,8.84,13.51,12.71,25.56,22.92,20.26,32.35,24.06
苗中彰投,2016,28,1572,294682,5.33,8.62,14.99,13.02,12.2,8.84,13.51,12.71,25.56,22.92,20.26,32.35
苗中彰投,2016,29,1731,295579,5.86,13.64,8.62,14.99,13.02,12.2,8.84,13.51,12.71,25.56,22.92,20.26
苗中彰投,2016,30,1619,295579,5.48,18.43,13.64,8.62,14.99,13.02,12.2,8.84,13.51,12.71,25.56,22.92
苗中彰投,2016,31,1678,294682,5.69,18.02,18.43,13.64,8.62,14.99,13.02,12.2,8.84,13.51,12.71,25.56
苗中彰投,2016,32,1721,295579,5.82,16.4,18.02,18.43,13.64,8.62,14.99,13.02,12.2,8.84,13.51,12.71
苗中彰投,2016,33,1746,294682,5.93,12.41,16.4,18.02,18.43,13.64,8.62,14.99,13.02,12.2,8.84,13.51
苗中彰投,2016,34,1885,294682,6.4,22.34,12.41,16.4,18.02,18.43,13.64,8.62,14.99,13.02,12.2,8.84
苗中彰投,2016,35,1938,294682,6.58,30.56,22.34,12.41,16.4,18.02,18.43,13.64,8.62,14.99,13.02,12.2
苗中彰投,2016,36,1993,294682,6.76,10.18,30.56,22.34,12.41,16.4,18.02,18.43,13.64,8.62,14.99,13.02
苗中彰投,2016,37,1884,294682,6.39,11.64,10.18,30.56,22.34,12.41,16.4,18.02,18.43,13.64,8.62,14.99
苗中彰投,2016,38,1767,294682,6.0,16.63,11.64,10.18,30.56,22.34,12.41,16.4,18.02,18.43,13.64,8.62
苗中彰投,2016,39,2188,295579,7.4,16.77,16.63,11.64,10.18,30.56,22.34,12.41,16.4,18.02,18.43,13.64
苗中彰投,2016,40,1813,294682,6.15,25.47,16.77,16.63,11.64,10.18,30.56,22.34,12.41,16.4,18.02,18.43
苗中彰投,2016,41,1851,294682,6.28,12.73,25.47,16.77,16.63,11.64,10.18,30.56,22.34,12.41,16.4,18.02
苗中彰投,2016,42,2001,295579,6.77,42.51,12.73,25.47,16.77,16.63,11.64,10.18,30.56,22.34,12.41,16.4
苗中彰投,2016,43,2049,294682,6.95,26.3,42.51,12.73,25.47,16.77,16.63,11.64,10.18,30.56,22.34,12.41
苗中彰投,2016,44,2130,295108,7.22,19.8,26.3,42.51,12.73,25.47,16.77,16.63,11.64,10.18,30.56,22.34
苗中彰投,2016,45,2374,294682,8.06,25.04,19.8,26.3,42.51,12.73,25.47,16.77,16.63,11.64,10.18,30.56
苗中彰投,2016,46,2348,295579,7.94,36.89,25.04,19.8,26.3,42.51,12.73,25.47,16.77,16.63,11.64,10.18
苗中彰投,2016,47,2312,294682,7.85,22.61,36.89,25.04,19.8,26.3,42.51,12.73,25.47,16.77,16.63,11.64
苗中彰投,2016,48,2242,295579,7.59,18.34,22.61,36.89,25.04,19.8,26.3,42.51,12.73,25.47,16.77,16.63
苗中彰投,2016,49,2383,294682,8.09,24.5,18.34,22.61,36.89,25.04,19.8,26.3,42.51,12.73,25.47,16.77
苗中彰投,2016,50,2491,296005,8.42,23.48,24.5,18.34,22.61,36.89,25.04,19.8,26.3,42.51,12.73,25.47
苗中彰投,2016,51,2608,294682,8.85,32.69,23.48,24.5,18.34,22.61,36.89,25.04,19.8,26.3,42.51,12.73
苗中彰投,2016,52,2673,294682,9.07,25.74,32.69,23.48,24.5,18.34,22.61,36.89,25.04,19.8,26.3,42.51
苗中彰投,2017,1,2662,291378,9.14,36.7,25.74,32.69,23.48,24.5,18.34,22.61,36.89,25.04,19.8,26.3
苗中彰投,2017,2,2738,291792,9.38,24.66,36.7,25.74,32.69,23.48,24.5,18.34,22.61,36.89,25.04,19.8
苗中彰投,2017,3,2729,292235,9.34,17.44,24.66,36.7,25.74,32.69,23.48,24.5,18.34,22.61,36.89,25.04
苗中彰投,2017,4,3089,292235,10.57,22.92,17.44,24.66,36.7,25.74,32.69,23.48,24.5,18.34,22.61,36.89
苗中彰投,2017,5,2383,291286,8.18,18.24,22.92,17.44,24.66,36.7,25.74,32.69,23.48,24.5,18.34,22.61
苗中彰投,2017,6,3023,291286,10.38,29.46,18.24,22.92,17.44,24.66,36.7,25.74,32.69,23.48,24.5,18.34
苗中彰投,2017,7,3048,291775,10.45,29.91,29.46,18.24,22.92,17.44,24.66,36.7,25.74,32.69,23.48,24.5
苗中彰投,2017,8,2438,290990,8.38,24.9,29.91,29.46,18.24,22.92,17.44,24.66,36.7,25.74,32.69,23.48
苗中彰投,2017,9,2645,291433,9.08,27.25,24.9,29.91,29.46,18.24,22.92,17.44,24.66,36.7,25.74,32.69
苗中彰投,2017,10,2687,291378,9.22,30.68,27.25,24.9,29.91,29.46,18.24,22.92,17.44,24.66,36.7,25.74
苗中彰投,2017,11,2642,291433,9.07,27.62,30.68,27.25,24.9,29.91,29.46,18.24,22.92,17.44,24.66,36.7
苗中彰投,2017,12,2622,291286,9.0,24.77,27.62,30.68,27.25,24.9,29.91,29.46,18.24,22.92,17.44,24.66
苗中彰投,2017,13,2709,289627,9.35,34.2,24.77,27.62,30.68,27.25,24.9,29.91,29.46,18.24,22.92,17.44
苗中彰投,2017,14,2960,290429,10.19,33.14,34.2,24.77,27.62,30.68,27.25,24.9,29.91,29.46,18.24,22.92
苗中彰投,2017,15,2515,290484,8.66,23.1,33.14,34.2,24.77,27.62,30.68,27.25,24.9,29.91,29.46,18.24
苗中彰投,2017,16,2242,291700,7.69,22.43,23.1,33.14,34.2,24.77,27.62,30.68,27.25,24.9,29.91,29.46
苗中彰投,2017,17,2361,290484,8.13,24.47,22.43,23.1,33.14,34.2,24.77,27.62,30.68,27.25,24.9,29.91
苗中彰投,2017,18,2317,291378,7.95,28.14,24.47,22.43,23.1,33.14,34.2,24.77,27.62,30.68,27.25,24.9
苗中彰投,2017,19,2140,290484,7.37,22.12,28.14,24.47,22.43,23.1,33.14,34.2,24.77,27.62,30.68,27.25
苗中彰投,2017,20,2150,292235,7.36,16.22,22.12,28.14,24.47,22.43,23.1,33.14,34.2,24.77,27.62,30.68
苗中彰投,2017,21,2132,291286,7.32,17.09,16.22,22.12,28.14,24.47,22.43,23.1,33.14,34.2,24.77,27.62
苗中彰投,2017,22,1842,290429,6.34,14.04,17.09,16.22,22.12,28.14,24.47,22.43,23.1,33.14,34.2,24.77
苗中彰投,2017,23,1893,290576,6.51,14.57,14.04,17.09,16.22,22.12,28.14,24.47,22.43,23.1,33.14,34.2
苗中彰投,2017,24,1880,290576,6.47,7.71,14.57,14.04,17.09,16.22,22.12,28.14,24.47,22.43,23.1,33.14
苗中彰投,2017,25,1963,289627,6.78,9.4,7.71,14.57,14.04,17.09,16.22,22.12,28.14,24.47,22.43,23.1
苗中彰投,2017,26,1904,289627,6.57,12.58,9.4,7.71,14.57,14.04,17.09,16.22,22.12,28.14,24.47,22.43
苗中彰投,2017,27,2086,290576,7.18,8.59,12.58,9.4,7.71,14.57,14.04,17.09,16.22,22.12,28.14,24.47
苗中彰投,2017,28,2025,291286,6.95,11.52,8.59,12.58,9.4,7.71,14.57,14.04,17.09,16.22,22.12,28.14
苗中彰投,2017,29,1956,289627,6.75,16.66,11.52,8.59,12.58,9.4,7.71,14.57,14.04,17.09,16.22,22.12
苗中彰投,2017,30,1908,290429,6.57,21.02,16.66,11.52,8.59,12.58,9.4,7.71,14.57,14.04,17.09,16.22
苗中彰投,2017,31,1706,289627,5.89,11.77,21.02,16.66,11.52,8.59,12.58,9.4,7.71,14.57,14.04,17.09
苗中彰投,2017,32,1601,289627,5.53,12.88,11.77,21.02,16.66,11.52,8.59,12.58,9.4,7.71,14.57,14.04
苗中彰投,2017,33,1635,290576,5.63,13.74,12.88,11.77,21.02,16.66,11.52,8.59,12.58,9.4,7.71,14.57
苗中彰投,2017,34,1623,289627,5.6,18.42,13.74,12.88,11.77,21.02,16.66,11.52,8.59,12.58,9.4,7.71
苗中彰投,2017,35,1729,289627,5.97,22.06,18.42,13.74,12.88,11.77,21.02,16.66,11.52,8.59,12.58,9.4
苗中彰投,2017,36,1739,290898,5.98,16.83,22.06,18.42,13.74,12.88,11.77,21.02,16.66,11.52,8.59,12.58
苗中彰投,2017,37,1847,289627,6.38,18.95,16.83,22.06,18.42,13.74,12.88,11.77,21.02,16.66,11.52,8.59
苗中彰投,2017,38,1909,291433,6.55,32.48,18.95,16.83,22.06,18.42,13.74,12.88,11.77,21.02,16.66,11.52
苗中彰投,2017,39,1767,289627,6.1,21.49,32.48,18.95,16.83,22.06,18.42,13.74,12.88,11.77,21.02,16.66
苗中彰投,2017,40,1844,290484,6.35,25.92,21.49,32.48,18.95,16.83,22.06,18.42,13.74,12.88,11.77,21.02
苗中彰投,2017,41,1931,290484,6.65,23.49,25.92,21.49,32.48,18.95,16.83,22.06,18.42,13.74,12.88,11.77
苗中彰投,2017,42,1950,292235,6.67,11.58,23.49,25.92,21.49,32.48,18.95,16.83,22.06,18.42,13.74,12.88
苗中彰投,2017,43,2316,289627,8.0,23.07,11.58,23.49,25.92,21.49,32.48,18.95,16.83,22.06,18.42,13.74
苗中彰投,2017,44,2326,289627,8.03,17.71,23.07,11.58,23.49,25.92,21.49,32.48,18.95,16.83,22.06,18.42
苗中彰投,2017,45,2302,291286,7.9,22.33,17.71,23.07,11.58,23.49,25.92,21.49,32.48,18.95,16.83,22.06
苗中彰投,2017,46,2321,290484,7.99,20.71,22.33,17.71,23.07,11.58,23.49,25.92,21.49,32.48,18.95,16.83
苗中彰投,2017,47,2342,289627,8.09,13.02,20.71,22.33,17.71,23.07,11.58,23.49,25.92,21.49,32.48,18.95
苗中彰投,2017,48,2298,289627,7.93,20.32,13.02,20.71,22.33,17.71,23.07,11.58,23.49,25.92,21.49,32.48
苗中彰投,2017,49,2533,291433,8.69,20.03,20.32,13.02,20.71,22.33,17.71,23.07,11.58,23.49,25.92,21.49
苗中彰投,2017,50,2745,291378,9.42,19.39,20.03,20.32,13.02,20.71,22.33,17.71,23.07,11.58,23.49,25.92
苗中彰投,2017,51,2969,291378,10.19,22.26,19.39,20.03,20.32,13.02,20.71,22.33,17.71,23.07,11.58,23.49
苗中彰投,2017,52,3328,291286,11.43,36.14,22.26,19.39,20.03,20.32,13.02,20.71,22.33,17.71,23.07,11.58
苗中彰投,2018,1,2753,322289,8.54,24.67,36.14,22.26,19.39,20.03,20.32,13.02,20.71,22.33,17.71,23.07
苗中彰投,2018,2,3000,321260,9.34,15.31,24.67,36.14,22.26,19.39,20.03,20.32,13.02,20.71,22.33,17.71
苗中彰投,2018,3,3241,323121,10.03,27.64,15.31,24.67,36.14,22.26,19.39,20.03,20.32,13.02,20.71,22.33
苗中彰投,2018,4,3187,323504,9.85,16.15,27.64,15.31,24.67,36.14,22.26,19.39,20.03,20.32,13.02,20.71
苗中彰投,2018,5,2936,323228,9.08,16.03,16.15,27.64,15.31,24.67,36.14,22.26,19.39,20.03,20.32,13.02
苗中彰投,2018,6,3186,322252,9.89,21.64,16.03,16.15,27.64,15.31,24.67,36.14,22.26,19.39,20.03,20.32
苗中彰投,2018,7,2904,322092,9.02,31.44,21.64,16.03,16.15,27.64,15.31,24.67,36.14,22.26,19.39,20.03
苗中彰投,2018,8,3095,320984,9.64,26.93,31.44,21.64,16.03,16.15,27.64,15.31,24.67,36.14,22.26,19.39
苗中彰投,2018,9,3232,324336,9.96,36.25,26.93,31.44,21.64,16.03,16.15,27.64,15.31,24.67,36.14,22.26
苗中彰投,2018,10,2894,323667,8.94,18.63,36.25,26.93,31.44,21.64,16.03,16.15,27.64,15.31,24.67,36.14
苗中彰投,2018,11,3105,322252,9.64,31.49,18.63,36.25,26.93,31.44,21.64,16.03,16.15,27.64,15.31,24.67
苗中彰投,2018,12,3139,321270,9.77,25.04,31.49,18.63,36.25,26.93,31.44,21.64,16.03,16.15,27.64,15.31
苗中彰投,2018,13,3159,323307,9.77,34.52,25.04,31.49,18.63,36.25,26.93,31.44,21.64,16.03,16.15,27.64
苗中彰投,2018,14,2590,321244,8.06,29.03,34.52,25.04,31.49,18.63,36.25,26.93,31.44,21.64,16.03,16.15
苗中彰投,2018,15,3003,322485,9.31,20.31,29.03,34.52,25.04,31.49,18.63,36.25,26.93,31.44,21.64,16.03
苗中彰投,2018,16,2545,324336,7.85,31.58,20.31,29.03,34.52,25.04,31.49,18.63,36.25,26.93,31.44,21.64
苗中彰投,2018,17,2340,322252,7.26,30.25,31.58,20.31,29.03,34.52,25.04,31.49,18.63,36.25,26.93,31.44
苗中彰投,2018,18,2234,321144,6.96,24.69,30.25,31.58,20.31,29.03,34.52,25.04,31.49,18.63,36.25,26.93
苗中彰投,2018,19,2195,322449,6.81,18.84,24.69,30.25,31.58,20.31,29.03,34.52,25.04,31.49,18.63,36.25
苗中彰投,2018,20,1923,320984,5.99,14.75,18.84,24.69,30.25,31.58,20.31,29.03,34.52,25.04,31.49,18.63
苗中彰投,2018,21,1918,321420,5.97,20.15,14.75,18.84,24.69,30.25,31.58,20.31,29.03,34.52,25.04,31.49
苗中彰投,2018,22,1763,321260,5.49,17.6,20.15,14.75,18.84,24.69,30.25,31.58,20.31,29.03,34.52,25.04
苗中彰投,2018,23,1696,321467,5.28,18.17,17.6,20.15,14.75,18.84,24.69,30.25,31.58,20.31,29.03,34.52
苗中彰投,2018,24,1832,323307,5.67,17.45,18.17,17.6,20.15,14.75,18.84,24.69,30.25,31.58,20.31,29.03
苗中彰投,2018,25,1593,320215,4.97,8.41,17.45,18.17,17.6,20.15,14.75,18.84,24.69,30.25,31.58,20.31
苗中彰投,2018,26,1693,321037,5.27,12.97,8.41,17.45,18.17,17.6,20.15,14.75,18.84,24.69,30.25,31.58
苗中彰投,2018,27,1657,320598,5.17,8.89,12.97,8.41,17.45,18.17,17.6,20.15,14.75,18.84,24.69,30.25
苗中彰投,2018,28,1758,321430,5.47,17.78,8.89,12.97,8.41,17.45,18.17,17.6,20.15,14.75,18.84,24.69
苗中彰投,2018,29,1832,320215,5.72,24.21,17.78,8.89,12.97,8.41,17.45,18.17,17.6,20.15,14.75,18.84
苗中彰投,2018,30,1792,319383,5.61,15.02,24.21,17.78,8.89,12.97,8.41,17.45,18.17,17.6,20.15,14.75
苗中彰投,2018,31,1766,320412,5.51,13.48,15.02,24.21,17.78,8.89,12.97,8.41,17.45,18.17,17.6,20.15
苗中彰投,2018,32,1835,320954,5.72,22.66,13.48,15.02,24.21,17.78,8.89,12.97,8.41,17.45,18.17,17.6
苗中彰投,2018,33,1876,319383,5.87,10.46,22.66,13.48,15.02,24.21,17.78,8.89,12.97,8.41,17.45,18.17
苗中彰投,2018,34,1879,320205,5.87,9.57,10.46,22.66,13.48,15.02,24.21,17.78,8.89,12.97,8.41,17.45
苗中彰投,2018,35,1992,320205,6.22,11.23,9.57,10.46,22.66,13.48,15.02,24.21,17.78,8.89,12.97,8.41
苗中彰投,2018,36,1989,320205,6.21,15.76,11.23,9.57,10.46,22.66,13.48,15.02,24.21,17.78,8.89,12.97
苗中彰投,2018,37,2016,319383,6.31,20.56,15.76,11.23,9.57,10.46,22.66,13.48,15.02,24.21,17.78,8.89
苗中彰投,2018,38,2033,320598,6.34,25.32,20.56,15.76,11.23,9.57,10.46,22.66,13.48,15.02,24.21,17.78
苗中彰投,2018,39,2043,319383,6.4,14.96,25.32,20.56,15.76,11.23,9.57,10.46,22.66,13.48,15.02,24.21
苗中彰投,2018,40,2253,322289,6.99,22.6,14.96,25.32,20.56,15.76,11.23,9.57,10.46,22.66,13.48,15.02
苗中彰投,2018,41,2110,320438,6.58,16.53,22.6,14.96,25.32,20.56,15.76,11.23,9.57,10.46,22.66,13.48
苗中彰投,2018,42,1981,320598,6.18,16.05,16.53,22.6,14.96,25.32,20.56,15.76,11.23,9.57,10.46,22.66
苗中彰投,2018,43,2149,320598,6.7,22.99,16.05,16.53,22.6,14.96,25.32,20.56,15.76,11.23,9.57,10.46
苗中彰投,2018,44,2436,322289,7.56,14.45,22.99,16.05,16.53,22.6,14.96,25.32,20.56,15.76,11.23,9.57
苗中彰投,2018,45,2063,320412,6.44,34.99,14.45,22.99,16.05,16.53,22.6,14.96,25.32,20.56,15.76,11.23
苗中彰投,2018,46,2108,320438,6.58,21.76,34.99,14.45,22.99,16.05,16.53,22.6,14.96,25.32,20.56,15.76
苗中彰投,2018,47,2160,320598,6.74,18.87,21.76,34.99,14.45,22.99,16.05,16.53,22.6,14.96,25.32,20.56
苗中彰投,2018,48,2380,321420,7.4,24.51,18.87,21.76,34.99,14.45,22.99,16.05,16.53,22.6,14.96,25.32
苗中彰投,2018,49,2657,322289,8.24,15.25,24.51,18.87,21.76,34.99,14.45,22.99,16.05,16.53,22.6,14.96
苗中彰投,2018,50,2850,322612,8.83,13.48,15.25,24.51,18.87,21.76,34.99,14.45,22.99,16.05,16.53,22.6
苗中彰投,2018,51,2951,322845,9.14,28.84,13.48,15.25,24.51,18.87,21.76,34.99,14.45,22.99,16.05,16.53
苗中彰投,2018,52,2876,323021,8.9,8.87,28.84,13.48,15.25,24.51,18.87,21.76,34.99,14.45,22.99,16.05
苗中彰投,2019,1,2301,322412,7.14,16.64,8.87,28.84,13.48,15.25,24.51,18.87,21.76,34.99,14.45,22.99
苗中彰投,2019,2,2940,322441,9.12,18.76,16.64,8.87,28.84,13.48,15.25,24.51,18.87,21.76,34.99,14.45
苗中彰投,2019,3,2862,321884,8.89,25.13,18.76,16.64,8.87,28.84,13.48,15.25,24.51,18.87,21.76,34.99
苗中彰投,2019,4,3132,322593,9.71,24.82,25.13,18.76,16.64,8.87,28.84,13.48,15.25,24.51,18.87,21.76
苗中彰投,2019,5,4089,324125,12.62,29.63,24.82,25.13,18.76,16.64,8.87,28.84,13.48,15.25,24.51,18.87
苗中彰投,2019,6,1753,320864,5.46,21.59,29.63,24.82,25.13,18.76,16.64,8.87,28.84,13.48,15.25,24.51
苗中彰投,2019,7,3459,324170,10.67,19.24,21.59,29.63,24.82,25.13,18.76,16.64,8.87,28.84,13.48,15.25
苗中彰投,2019,8,2951,323095,9.13,21.44,19.24,21.59,29.63,24.82,25.13,18.76,16.64,8.87,28.84,13.48
苗中彰投,2019,9,2761,322914,8.55,29.57,21.44,19.24,21.59,29.63,24.82,25.13,18.76,16.64,8.87,28.84
苗中彰投,2019,10,2715,323105,8.4,15.5,29.57,21.44,19.24,21.59,29.63,24.82,25.13,18.76,16.64,8.87
苗中彰投,2019,11,2990,322075,9.28,31.27,15.5,29.57,21.44,19.24,21.59,29.63,24.82,25.13,18.76,16.64
苗中彰投,2019,12,2838,322075,8.81,25.06,31.27,15.5,29.57,21.44,19.24,21.59,29.63,24.82,25.13,18.76
苗中彰投,2019,13,2843,321884,8.83,21.38,25.06,31.27,15.5,29.57,21.44,19.24,21.59,29.63,24.82,25.13
苗中彰投,2019,14,2634,323105,8.15,29.64,21.38,25.06,31.27,15.5,29.57,21.44,19.24,21.59,29.63,24.82
苗中彰投,2019,15,2620,323095,8.11,20.17,29.64,21.38,25.06,31.27,15.5,29.57,21.44,19.24,21.59,29.63
苗中彰投,2019,16,2516,322075,7.81,19.34,20.17,29.64,21.38,25.06,31.27,15.5,29.57,21.44,19.24,21.59
苗中彰投,2019,17,2366,320864,7.37,20.22,19.34,20.17,29.64,21.38,25.06,31.27,15.5,29.57,21.44,19.24
苗中彰投,2019,18,2263,323095,7.0,16.63,20.22,19.34,20.17,29.64,21.38,25.06,31.27,15.5,29.57,21.44
苗中彰投,2019,19,2332,321884,7.24,19.4,16.63,20.22,19.34,20.17,29.64,21.38,25.06,31.27,15.5,29.57
苗中彰投,2019,20,2250,320864,7.01,13.79,19.4,16.63,20.22,19.34,20.17,29.64,21.38,25.06,31.27,15.5
苗中彰投,2019,21,2215,322914,6.86,24.75,13.79,19.4,16.63,20.22,19.34,20.17,29.64,21.38,25.06,31.27
苗中彰投,2019,22,2122,320864,6.61,11.53,24.75,13.79,19.4,16.63,20.22,19.34,20.17,29.64,21.38,25.06
苗中彰投,2019,23,2017,320864,6.29,9.59,11.53,24.75,13.79,19.4,16.63,20.22,19.34,20.17,29.64,21.38
苗中彰投,2019,24,2192,320864,6.83,11.57,9.59,11.53,24.75,13.79,19.4,16.63,20.22,19.34,20.17,29.64
苗中彰投,2019,25,1995,320864,6.22,8.73,11.57,9.59,11.53,24.75,13.79,19.4,16.63,20.22,19.34,20.17
苗中彰投,2019,26,1863,321884,5.79,8.56,8.73,11.57,9.59,11.53,24.75,13.79,19.4,16.63,20.22,19.34
苗中彰投,2019,27,1780,323095,5.51,7.85,8.56,8.73,11.57,9.59,11.53,24.75,13.79,19.4,16.63,20.22
苗中彰投,2019,28,1845,321884,5.73,11.38,7.85,8.56,8.73,11.57,9.59,11.53,24.75,13.79,19.4,16.63
苗中彰投,2019,29,1794,320864,5.59,13.47,11.38,7.85,8.56,8.73,11.57,9.59,11.53,24.75,13.79,19.4
苗中彰投,2019,30,1803,322593,5.59,9.79,13.47,11.38,7.85,8.56,8.73,11.57,9.59,11.53,24.75,13.79
苗中彰投,2019,31,1769,321894,5.5,16.43,9.79,13.47,11.38,7.85,8.56,8.73,11.57,9.59,11.53,24.75
苗中彰投,2019,32,1779,321884,5.53,12.52,16.43,9.79,13.47,11.38,7.85,8.56,8.73,11.57,9.59,11.53
苗中彰投,2019,33,1796,321894,5.58,8.2,12.52,16.43,9.79,13.47,11.38,7.85,8.56,8.73,11.57,9.59
苗中彰投,2019,34,1943,322075,6.03,15.53,8.2,12.52,16.43,9.79,13.47,11.38,7.85,8.56,8.73,11.57
苗中彰投,2019,35,1924,320864,6.0,19.51,15.53,8.2,12.52,16.43,9.79,13.47,11.38,7.85,8.56,8.73
苗中彰投,2019,36,1962,320864,6.11,15.98,19.51,15.53,8.2,12.52,16.43,9.79,13.47,11.38,7.85,8.56
苗中彰投,2019,37,1955,322075,6.07,22.39,15.98,19.51,15.53,8.2,12.52,16.43,9.79,13.47,11.38,7.85
苗中彰投,2019,38,2326,323150,7.2,14.86,22.39,15.98,19.51,15.53,8.2,12.52,16.43,9.79,13.47,11.38
苗中彰投,2019,39,2174,322914,6.73,14.41,14.86,22.39,15.98,19.51,15.53,8.2,12.52,16.43,9.79,13.47
苗中彰投,2019,40,1979,321884,6.15,35.48,14.41,14.86,22.39,15.98,19.51,15.53,8.2,12.52,16.43,9.79
苗中彰投,2019,41,2076,321894,6.45,25.0,35.48,14.41,14.86,22.39,15.98,19.51,15.53,8.2,12.52,16.43
苗中彰投,2019,42,2520,321894,7.83,14.27,25.0,35.48,14.41,14.86,22.39,15.98,19.51,15.53,8.2,12.52
苗中彰投,2019,43,2513,324125,7.75,19.59,14.27,25.0,35.48,14.41,14.86,22.39,15.98,19.51,15.53,8.2
苗中彰投,2019,44,2331,321894,7.24,20.38,19.59,14.27,25.0,35.48,14.41,14.86,22.39,15.98,19.51,15.53
苗中彰投,2019,45,2379,320864,7.41,16.4,20.38,19.59,14.27,25.0,35.48,14.41,14.86,22.39,15.98,19.51
苗中彰投,2019,46,2668,322075,8.28,29.78,16.4,20.38,19.59,14.27,25.0,35.48,14.41,14.86,22.39,15.98
苗中彰投,2019,47,2728,320864,8.5,12.44,29.78,16.4,20.38,19.59,14.27,25.0,35.48,14.41,14.86,22.39
苗中彰投,2019,48,2589,322075,8.04,14.26,12.44,29.78,16.4,20.38,19.59,14.27,25.0,35.48,14.41,14.86
苗中彰投,2019,49,2743,322075,8.52,10.54,14.26,12.44,29.78,16.4,20.38,19.59,14.27,25.0,35.48,14.41
苗中彰投,2019,50,3054,321894,9.49,23.93,10.54,14.26,12.44,29.78,16.4,20.38,19.59,14.27,25.0,35.48
苗中彰投,2019,51,3094,322451,9.6,14.94,23.93,10.54,14.26,12.44,29.78,16.4,20.38,19.59,14.27,25.0
苗中彰投,2019,52,2952,322412,9.16,14.71,14.94,23.93,10.54,14.26,12.44,29.78,16.4,20.38,19.59,14.27
雲嘉南,2016,1,599,193628,3.09,37.38,34.95,35.73,33.18,26.84,33.01,28.26,41.43,39.5,29.16,32.57
雲嘉南,2016,2,1697,199948,8.49,29.65,37.38,34.95,35.73,33.18,26.84,33.01,28.26,41.43,39.5,29.16
雲嘉南,2016,3,1680,199548,8.42,34.81,29.65,37.38,34.95,35.73,33.18,26.84,33.01,28.26,41.43,39.5
雲嘉南,2016,4,1689,200436,8.43,25.04,34.81,29.65,37.38,34.95,35.73,33.18,26.84,33.01,28.26,41.43
雲嘉南,2016,5,1872,202675,9.24,19.71,25.04,34.81,29.65,37.38,34.95,35.73,33.18,26.84,33.01,28.26
雲嘉南,2016,6,2341,203426,11.51,45.26,19.71,25.04,34.81,29.65,37.38,34.95,35.73,33.18,26.84,33.01
雲嘉南,2016,7,1303,194898,6.69,25.73,45.26,19.71,25.04,34.81,29.65,37.38,34.95,35.73,33.18,26.84
雲嘉南,2016,8,2643,202946,13.02,41.5,25.73,45.26,19.71,25.04,34.81,29.65,37.38,34.95,35.73,33.18
雲嘉南,2016,9,2441,204288,11.95,40.05,41.5,25.73,45.26,19.71,25.04,34.81,29.65,37.38,34.95,35.73
雲嘉南,2016,10,2400,202665,11.84,37.57,40.05,41.5,25.73,45.26,19.71,25.04,34.81,29.65,37.38,34.95
雲嘉南,2016,11,2012,202449,9.94,31.71,37.57,40.05,41.5,25.73,45.26,19.71,25.04,34.81,29.65,37.38
雲嘉南,2016,12,1938,200980,9.64,38.13,31.71,37.57,40.05,41.5,25.73,45.26,19.71,25.04,34.81,29.65
雲嘉南,2016,13,1775,200051,8.87,45.92,38.13,31.71,37.57,40.05,41.5,25.73,45.26,19.71,25.04,34.81
雲嘉南,2016,14,2117,201563,10.5,43.42,45.92,38.13,31.71,37.57,40.05,41.5,25.73,45.26,19.71,25.04
雲嘉南,2016,15,1602,200828,7.98,28.39,43.42,45.92,38.13,31.71,37.57,40.05,41.5,25.73,45.26,19.71
雲嘉南,2016,16,1584,197378,8.03,25.03,28.39,43.42,45.92,38.13,31.71,37.57,40.05,41.5,25.73,45.26
雲嘉南,2016,17,1400,198357,7.06,22.01,25.03,28.39,43.42,45.92,38.13,31.71,37.57,40.05,41.5,25.73
雲嘉南,2016,18,1347,198690,6.78,35.8,22.01,25.03,28.39,43.42,45.92,38.13,31.71,37.57,40.05,41.5
雲嘉南,2016,19,1342,196314,6.84,18.34,35.8,22.01,25.03,28.39,43.42,45.92,38.13,31.71,37.57,40.05
雲嘉南,2016,20,1286,196733,6.54,25.78,18.34,35.8,22.01,25.03,28.39,43.42,45.92,38.13,31.71,37.57
雲嘉南,2016,21,1306,198616,6.58,24.73,25.78,18.34,35.8,22.01,25.03,28.39,43.42,45.92,38.13,31.71
雲嘉南,2016,22,1146,194998,5.88,10.41,24.73,25.78,18.34,35.8,22.01,25.03,28.39,43.42,45.92,38.13
雲嘉南,2016,23,1034,194393,5.32,11.03,10.41,24.73,25.78,18.34,35.8,22.01,25.03,28.39,43.42,45.92
雲嘉南,2016,24,964,195321,4.94,8.24,11.03,10.41,24.73,25.78,18.34,35.8,22.01,25.03,28.39,43.42
雲嘉南,2016,25,1098,197137,5.57,11.75,8.24,11.03,10.41,24.73,25.78,18.34,35.8,22.01,25.03,28.39
雲嘉南,2016,26,1071,196461,5.45,12.39,11.75,8.24,11.03,10.41,24.73,25.78,18.34,35.8,22.01,25.03
雲嘉南,2016,27,1024,194155,5.27,13.65,12.39,11.75,8.24,11.03,10.41,24.73,25.78,18.34,35.8,22.01
雲嘉南,2016,28,988,194233,5.09,7.64,13.65,12.39,11.75,8.24,11.03,10.41,24.73,25.78,18.34,35.8
雲嘉南,2016,29,981,196598,4.99,12.33,7.64,13.65,12.39,11.75,8.24,11.03,10.41,24.73,25.78,18.34
雲嘉南,2016,30,1037,194986,5.32,15.52,12.33,7.64,13.65,12.39,11.75,8.24,11.03,10.41,24.73,25.78
雲嘉南,2016,31,1069,195686,5.46,17.11,15.52,12.33,7.64,13.65,12.39,11.75,8.24,11.03,10.41,24.73
雲嘉南,2016,32,1064,197855,5.38,16.72,17.11,15.52,12.33,7.64,13.65,12.39,11.75,8.24,11.03,10.41
雲嘉南,2016,33,1096,198786,5.51,11.66,16.72,17.11,15.52,12.33,7.64,13.65,12.39,11.75,8.24,11.03
雲嘉南,2016,34,1055,195466,5.4,22.57,11.66,16.72,17.11,15.52,12.33,7.64,13.65,12.39,11.75,8.24
雲嘉南,2016,35,1059,194770,5.44,32.71,22.57,11.66,16.72,17.11,15.52,12.33,7.64,13.65,12.39,11.75
雲嘉南,2016,36,1153,198511,5.81,9.28,32.71,22.57,11.66,16.72,17.11,15.52,12.33,7.64,13.65,12.39
雲嘉南,2016,37,1051,198907,5.28,12.3,9.28,32.71,22.57,11.66,16.72,17.11,15.52,12.33,7.64,13.65
雲嘉南,2016,38,1019,195356,5.22,22.23,12.3,9.28,32.71,22.57,11.66,16.72,17.11,15.52,12.33,7.64
雲嘉南,2016,39,1205,196619,6.13,21.99,22.23,12.3,9.28,32.71,22.57,11.66,16.72,17.11,15.52,12.33
雲嘉南,2016,40,1016,195270,5.2,27.69,21.99,22.23,12.3,9.28,32.71,22.57,11.66,16.72,17.11,15.52
雲嘉南,2016,41,1102,195935,5.62,15.92,27.69,21.99,22.23,12.3,9.28,32.71,22.57,11.66,16.72,17.11
雲嘉南,2016,42,1176,199249,5.9,38.11,15.92,27.69,21.99,22.23,12.3,9.28,32.71,22.57,11.66,16.72
雲嘉南,2016,43,1154,195935,5.89,24.0,38.11,15.92,27.69,21.99,22.23,12.3,9.28,32.71,22.57,11.66
雲嘉南,2016,44,1250,197265,6.34,30.2,24.0,38.11,15.92,27.69,21.99,22.23,12.3,9.28,32.71,22.57
雲嘉南,2016,45,1425,199301,7.15,30.01,30.2,24.0,38.11,15.92,27.69,21.99,22.23,12.3,9.28,32.71
雲嘉南,2016,46,1446,195081,7.41,49.2,30.01,30.2,24.0,38.11,15.92,27.69,21.99,22.23,12.3,9.28
雲嘉南,2016,47,1420,200176,7.09,33.78,49.2,30.01,30.2,24.0,38.11,15.92,27.69,21.99,22.23,12.3
雲嘉南,2016,48,1419,199372,7.12,22.48,33.78,49.2,30.01,30.2,24.0,38.11,15.92,27.69,21.99,22.23
雲嘉南,2016,49,1408,199082,7.07,34.89,22.48,33.78,49.2,30.01,30.2,24.0,38.11,15.92,27.69,21.99
雲嘉南,2016,50,1511,198159,7.63,32.59,34.89,22.48,33.78,49.2,30.01,30.2,24.0,38.11,15.92,27.69
雲嘉南,2016,51,1679,201743,8.32,42.14,32.59,34.89,22.48,33.78,49.2,30.01,30.2,24.0,38.11,15.92
雲嘉南,2016,52,1622,197284,8.22,33.33,42.14,32.59,34.89,22.48,33.78,49.2,30.01,30.2,24.0,38.11
雲嘉南,2017,1,1645,196755,8.36,45.92,33.33,42.14,32.59,34.89,22.48,33.78,49.2,30.01,30.2,24.0
雲嘉南,2017,2,1601,196338,8.15,36.06,45.92,33.33,42.14,32.59,34.89,22.48,33.78,49.2,30.01,30.2
雲嘉南,2017,3,1720,198435,8.67,27.0,36.06,45.92,33.33,42.14,32.59,34.89,22.48,33.78,49.2,30.01
雲嘉南,2017,4,1925,197935,9.73,30.96,27.0,36.06,45.92,33.33,42.14,32.59,34.89,22.48,33.78,49.2
雲嘉南,2017,5,1632,195470,8.35,27.92,30.96,27.0,36.06,45.92,33.33,42.14,32.59,34.89,22.48,33.78
雲嘉南,2017,6,1853,198764,9.32,40.3,27.92,30.96,27.0,36.06,45.92,33.33,42.14,32.59,34.89,22.48
雲嘉南,2017,7,1833,199576,9.18,38.98,40.3,27.92,30.96,27.0,36.06,45.92,33.33,42.14,32.59,34.89
雲嘉南,2017,8,1550,196457,7.89,35.98,38.98,40.3,27.92,30.96,27.0,36.06,45.92,33.33,42.14,32.59
雲嘉南,2017,9,1697,198477,8.55,37.93,35.98,38.98,40.3,27.92,30.96,27.0,36.06,45.92,33.33,42.14
雲嘉南,2017,10,1634,196562,8.31,38.92,37.93,35.98,38.98,40.3,27.92,30.96,27.0,36.06,45.92,33.33
雲嘉南,2017,11,1581,197963,7.99,36.96,38.92,37.93,35.98,38.98,40.3,27.92,30.96,27.0,36.06,45.92
雲嘉南,2017,12,1458,199355,7.31,34.6,36.96,38.92,37.93,35.98,38.98,40.3,27.92,30.96,27.0,36.06
雲嘉南,2017,13,1583,196785,8.04,39.04,34.6,36.96,38.92,37.93,35.98,38.98,40.3,27.92,30.96,27.0
雲嘉南,2017,14,1615,195457,8.26,34.48,39.04,34.6,36.96,38.92,37.93,35.98,38.98,40.3,27.92,30.96
雲嘉南,2017,15,1426,198397,7.19,26.13,34.48,39.04,34.6,36.96,38.92,37.93,35.98,38.98,40.3,27.92
雲嘉南,2017,16,1197,194491,6.15,22.56,26.13,34.48,39.04,34.6,36.96,38.92,37.93,35.98,38.98,40.3
雲嘉南,2017,17,1272,197087,6.45,33.61,22.56,26.13,34.48,39.04,34.6,36.96,38.92,37.93,35.98,38.98
雲嘉南,2017,18,1327,196018,6.77,30.63,33.61,22.56,26.13,34.48,39.04,34.6,36.96,38.92,37.93,35.98
雲嘉南,2017,19,1167,193729,6.02,24.76,30.63,33.61,22.56,26.13,34.48,39.04,34.6,36.96,38.92,37.93
雲嘉南,2017,20,1238,197702,6.26,21.46,24.76,30.63,33.61,22.56,26.13,34.48,39.04,34.6,36.96,38.92
雲嘉南,2017,21,1216,196918,6.18,20.03,21.46,24.76,30.63,33.61,22.56,26.13,34.48,39.04,34.6,36.96
雲嘉南,2017,22,1087,195210,5.57,15.04,20.03,21.46,24.76,30.63,33.61,22.56,26.13,34.48,39.04,34.6
雲嘉南,2017,23,1096,193460,5.67,14.53,15.04,20.03,21.46,24.76,30.63,33.61,22.56,26.13,34.48,39.04
雲嘉南,2017,24,1119,195179,5.73,7.64,14.53,15.04,20.03,21.46,24.76,30.63,33.61,22.56,26.13,34.48
雲嘉南,2017,25,1208,197264,6.12,9.25,7.64,14.53,15.04,20.03,21.46,24.76,30.63,33.61,22.56,26.13
雲嘉南,2017,26,1134,196011,5.79,11.12,9.25,7.64,14.53,15.04,20.03,21.46,24.76,30.63,33.61,22.56
雲嘉南,2017,27,1129,194021,5.82,9.36,11.12,9.25,7.64,14.53,15.04,20.03,21.46,24.76,30.63,33.61
雲嘉南,2017,28,1114,191838,5.81,12.4,9.36,11.12,9.25,7.64,14.53,15.04,20.03,21.46,24.76,30.63
雲嘉南,2017,29,1175,193511,6.07,20.46,12.4,9.36,11.12,9.25,7.64,14.53,15.04,20.03,21.46,24.76
雲嘉南,2017,30,1101,193397,5.69,18.69,20.46,12.4,9.36,11.12,9.25,7.64,14.53,15.04,20.03,21.46
雲嘉南,2017,31,972,194864,4.99,10.53,18.69,20.46,12.4,9.36,11.12,9.25,7.64,14.53,15.04,20.03
雲嘉南,2017,32,976,193451,5.05,11.27,10.53,18.69,20.46,12.4,9.36,11.12,9.25,7.64,14.53,15.04
雲嘉南,2017,33,971,195436,4.97,11.57,11.27,10.53,18.69,20.46,12.4,9.36,11.12,9.25,7.64,14.53
雲嘉南,2017,34,985,194080,5.08,18.22,11.57,11.27,10.53,18.69,20.46,12.4,9.36,11.12,9.25,7.64
雲嘉南,2017,35,957,193410,4.95,20.93,18.22,11.57,11.27,10.53,18.69,20.46,12.4,9.36,11.12,9.25
雲嘉南,2017,36,999,192835,5.18,14.84,20.93,18.22,11.57,11.27,10.53,18.69,20.46,12.4,9.36,11.12
雲嘉南,2017,37,1080,194183,5.56,20.11,14.84,20.93,18.22,11.57,11.27,10.53,18.69,20.46,12.4,9.36
雲嘉南,2017,38,1121,194009,5.78,36.01,20.11,14.84,20.93,18.22,11.57,11.27,10.53,18.69,20.46,12.4
雲嘉南,2017,39,1031,194961,5.29,20.48,36.01,20.11,14.84,20.93,18.22,11.57,11.27,10.53,18.69,20.46
雲嘉南,2017,40,1054,193106,5.46,27.47,20.48,36.01,20.11,14.84,20.93,18.22,11.57,11.27,10.53,18.69
雲嘉南,2017,41,1060,194986,5.44,23.38,27.47,20.48,36.01,20.11,14.84,20.93,18.22,11.57,11.27,10.53
雲嘉南,2017,42,1140,193160,5.9,14.66,23.38,27.47,20.48,36.01,20.11,14.84,20.93,18.22,11.57,11.27
雲嘉南,2017,43,1336,194766,6.86,30.2,14.66,23.38,27.47,20.48,36.01,20.11,14.84,20.93,18.22,11.57
雲嘉南,2017,44,1349,194854,6.92,25.12,30.2,14.66,23.38,27.47,20.48,36.01,20.11,14.84,20.93,18.22
雲嘉南,2017,45,1355,196206,6.91,31.72,25.12,30.2,14.66,23.38,27.47,20.48,36.01,20.11,14.84,20.93
雲嘉南,2017,46,1293,195134,6.63,30.64,31.72,25.12,30.2,14.66,23.38,27.47,20.48,36.01,20.11,14.84
雲嘉南,2017,47,1333,196537,6.78,20.87,30.64,31.72,25.12,30.2,14.66,23.38,27.47,20.48,36.01,20.11
雲嘉南,2017,48,1416,196512,7.21,28.11,20.87,30.64,31.72,25.12,30.2,14.66,23.38,27.47,20.48,36.01
雲嘉南,2017,49,1532,194986,7.86,28.55,28.11,20.87,30.64,31.72,25.12,30.2,14.66,23.38,27.47,20.48
雲嘉南,2017,50,1730,200008,8.65,28.43,28.55,28.11,20.87,30.64,31.72,25.12,30.2,14.66,23.38,27.47
雲嘉南,2017,51,1861,197355,9.43,27.7,28.43,28.55,28.11,20.87,30.64,31.72,25.12,30.2,14.66,23.38
雲嘉南,2017,52,2083,198833,10.48,43.86,27.7,28.43,28.55,28.11,20.87,30.64,31.72,25.12,30.2,14.66
雲嘉南,2018,1,1818,227311,8.0,30.54,43.86,27.7,28.43,28.55,28.11,20.87,30.64,31.72,25.12,30.2
雲嘉南,2018,2,1873,226483,8.27,20.26,30.54,43.86,27.7,28.43,28.55,28.11,20.87,30.64,31.72,25.12
雲嘉南,2018,3,1960,229756,8.53,41.87,20.26,30.54,43.86,27.7,28.43,28.55,28.11,20.87,30.64,31.72
雲嘉南,2018,4,1860,225045,8.27,23.74,41.87,20.26,30.54,43.86,27.7,28.43,28.55,28.11,20.87,30.64
雲嘉南,2018,5,1827,222637,8.21,23.03,23.74,41.87,20.26,30.54,43.86,27.7,28.43,28.55,28.11,20.87
雲嘉南,2018,6,1946,228411,8.52,31.98,23.03,23.74,41.87,20.26,30.54,43.86,27.7,28.43,28.55,28.11
雲嘉南,2018,7,1682,225752,7.45,37.89,31.98,23.03,23.74,41.87,20.26,30.54,43.86,27.7,28.43,28.55
雲嘉南,2018,8,1985,231136,8.59,35.84,37.89,31.98,23.03,23.74,41.87,20.26,30.54,43.86,27.7,28.43
雲嘉南,2018,9,1928,225612,8.55,41.94,35.84,37.89,31.98,23.03,23.74,41.87,20.26,30.54,43.86,27.7
雲嘉南,2018,10,1740,227440,7.65,23.63,41.94,35.84,37.89,31.98,23.03,23.74,41.87,20.26,30.54,43.86
雲嘉南,2018,11,1909,231943,8.23,39.25,23.63,41.94,35.84,37.89,31.98,23.03,23.74,41.87,20.26,30.54
雲嘉南,2018,12,1965,228731,8.59,28.43,39.25,23.63,41.94,35.84,37.89,31.98,23.03,23.74,41.87,20.26
雲嘉南,2018,13,1922,226979,8.47,38.28,28.43,39.25,23.63,41.94,35.84,37.89,31.98,23.03,23.74,41.87
雲嘉南,2018,14,1588,223742,7.1,31.44,38.28,28.43,39.25,23.63,41.94,35.84,37.89,31.98,23.03,23.74
雲嘉南,2018,15,1842,228932,8.05,18.69,31.44,38.28,28.43,39.25,23.63,41.94,35.84,37.89,31.98,23.03
雲嘉南,2018,16,1459,223565,6.53,33.33,18.69,31.44,38.28,28.43,39.25,23.63,41.94,35.84,37.89,31.98
雲嘉南,2018,17,1353,224303,6.03,31.72,33.33,18.69,31.44,38.28,28.43,39.25,23.63,41.94,35.84,37.89
雲嘉南,2018,18,1288,226586,5.68,24.17,31.72,33.33,18.69,31.44,38.28,28.43,39.25,23.63,41.94,35.84
雲嘉南,2018,19,1203,224162,5.37,19.49,24.17,31.72,33.33,18.69,31.44,38.28,28.43,39.25,23.63,41.94
雲嘉南,2018,20,1116,225035,4.96,13.03,19.49,24.17,31.72,33.33,18.69,31.44,38.28,28.43,39.25,23.63
雲嘉南,2018,21,1097,220687,4.97,19.43,13.03,19.49,24.17,31.72,33.33,18.69,31.44,38.28,28.43,39.25
雲嘉南,2018,22,1032,216529,4.77,18.24,19.43,13.03,19.49,24.17,31.72,33.33,18.69,31.44,38.28,28.43
雲嘉南,2018,23,1051,221181,4.75,17.47,18.24,19.43,13.03,19.49,24.17,31.72,33.33,18.69,31.44,38.28
雲嘉南,2018,24,1001,219687,4.56,18.04,17.47,18.24,19.43,13.03,19.49,24.17,31.72,33.33,18.69,31.44
雲嘉南,2018,25,993,219647,4.52,8.1,18.04,17.47,18.24,19.43,13.03,19.49,24.17,31.72,33.33,18.69
雲嘉南,2018,26,1017,218260,4.66,10.99,8.1,18.04,17.47,18.24,19.43,13.03,19.49,24.17,31.72,33.33
雲嘉南,2018,27,956,217094,4.4,7.95,10.99,8.1,18.04,17.47,18.24,19.43,13.03,19.49,24.17,31.72
雲嘉南,2018,28,1023,217343,4.71,17.77,7.95,10.99,8.1,18.04,17.47,18.24,19.43,13.03,19.49,24.17
雲嘉南,2018,29,1094,221025,4.95,18.52,17.77,7.95,10.99,8.1,18.04,17.47,18.24,19.43,13.03,19.49
雲嘉南,2018,30,1029,222266,4.63,13.2,18.52,17.77,7.95,10.99,8.1,18.04,17.47,18.24,19.43,13.03
雲嘉南,2018,31,1071,223465,4.79,10.84,13.2,18.52,17.77,7.95,10.99,8.1,18.04,17.47,18.24,19.43
雲嘉南,2018,32,1101,224318,4.91,19.01,10.84,13.2,18.52,17.77,7.95,10.99,8.1,18.04,17.47,18.24
雲嘉南,2018,33,1144,224749,5.09,8.97,19.01,10.84,13.2,18.52,17.77,7.95,10.99,8.1,18.04,17.47
雲嘉南,2018,34,1045,219945,4.75,8.68,8.97,19.01,10.84,13.2,18.52,17.77,7.95,10.99,8.1,18.04
雲嘉南,2018,35,1169,220553,5.3,9.17,8.68,8.97,19.01,10.84,13.2,18.52,17.77,7.95,10.99,8.1
雲嘉南,2018,36,1217,223652,5.44,13.96,9.17,8.68,8.97,19.01,10.84,13.2,18.52,17.77,7.95,10.99
雲嘉南,2018,37,1238,224199,5.52,22.21,13.96,9.17,8.68,8.97,19.01,10.84,13.2,18.52,17.77,7.95
雲嘉南,2018,38,1212,220512,5.5,22.31,22.21,13.96,9.17,8.68,8.97,19.01,10.84,13.2,18.52,17.77
雲嘉南,2018,39,1225,217803,5.62,18.94,22.31,22.21,13.96,9.17,8.68,8.97,19.01,10.84,13.2,18.52
雲嘉南,2018,40,1292,218339,5.92,29.02,18.94,22.31,22.21,13.96,9.17,8.68,8.97,19.01,10.84,13.2
雲嘉南,2018,41,1213,223860,5.42,25.07,29.02,18.94,22.31,22.21,13.96,9.17,8.68,8.97,19.01,10.84
雲嘉南,2018,42,1149,218774,5.25,25.9,25.07,29.02,18.94,22.31,22.21,13.96,9.17,8.68,8.97,19.01
雲嘉南,2018,43,1168,217590,5.37,33.23,25.9,25.07,29.02,18.94,22.31,22.21,13.96,9.17,8.68,8.97
雲嘉南,2018,44,1508,225215,6.7,25.35,33.23,25.9,25.07,29.02,18.94,22.31,22.21,13.96,9.17,8.68
雲嘉南,2018,45,1254,220043,5.7,43.74,25.35,33.23,25.9,25.07,29.02,18.94,22.31,22.21,13.96,9.17
雲嘉南,2018,46,1354,219000,6.18,33.5,43.74,25.35,33.23,25.9,25.07,29.02,18.94,22.31,22.21,13.96
雲嘉南,2018,47,1355,222857,6.08,23.94,33.5,43.74,25.35,33.23,25.9,25.07,29.02,18.94,22.31,22.21
雲嘉南,2018,48,1434,225755,6.35,30.21,23.94,33.5,43.74,25.35,33.23,25.9,25.07,29.02,18.94,22.31
雲嘉南,2018,49,1564,222568,7.03,23.88,30.21,23.94,33.5,43.74,25.35,33.23,25.9,25.07,29.02,18.94
雲嘉南,2018,50,1667,223089,7.47,21.62,23.88,30.21,23.94,33.5,43.74,25.35,33.23,25.9,25.07,29.02
雲嘉南,2018,51,1730,229334,7.54,36.65,21.62,23.88,30.21,23.94,33.5,43.74,25.35,33.23,25.9,25.07
雲嘉南,2018,52,1705,224122,7.61,15.99,36.65,21.62,23.88,30.21,23.94,33.5,43.74,25.35,33.23,25.9
雲嘉南,2019,1,1355,221777,6.11,23.93,15.99,36.65,21.62,23.88,30.21,23.94,33.5,43.74,25.35,33.23
雲嘉南,2019,2,1755,222658,7.88,31.47,23.93,15.99,36.65,21.62,23.88,30.21,23.94,33.5,43.74,25.35
雲嘉南,2019,3,1665,226073,7.36,37.25,31.47,23.93,15.99,36.65,21.62,23.88,30.21,23.94,33.5,43.74
雲嘉南,2019,4,1860,226446,8.21,36.94,37.25,31.47,23.93,15.99,36.65,21.62,23.88,30.21,23.94,33.5
雲嘉南,2019,5,2346,231432,10.14,37.75,36.94,37.25,31.47,23.93,15.99,36.65,21.62,23.88,30.21,23.94
雲嘉南,2019,6,1021,218107,4.68,26.98,37.75,36.94,37.25,31.47,23.93,15.99,36.65,21.62,23.88,30.21
雲嘉南,2019,7,1947,227141,8.57,25.78,26.98,37.75,36.94,37.25,31.47,23.93,15.99,36.65,21.62,23.88
雲嘉南,2019,8,1561,222565,7.01,29.93,25.78,26.98,37.75,36.94,37.25,31.47,23.93,15.99,36.65,21.62
雲嘉南,2019,9,1512,225823,6.7,34.75,29.93,25.78,26.98,37.75,36.94,37.25,31.47,23.93,15.99,36.65
雲嘉南,2019,10,1637,226566,7.23,23.31,34.75,29.93,25.78,26.98,37.75,36.94,37.25,31.47,23.93,15.99
雲嘉南,2019,11,1684,228824,7.36,36.67,23.31,34.75,29.93,25.78,26.98,37.75,36.94,37.25,31.47,23.93
雲嘉南,2019,12,1603,221792,7.23,27.28,36.67,23.31,34.75,29.93,25.78,26.98,37.75,36.94,37.25,31.47
雲嘉南,2019,13,1618,224888,7.19,24.07,27.28,36.67,23.31,34.75,29.93,25.78,26.98,37.75,36.94,37.25
雲嘉南,2019,14,1535,223198,6.88,33.22,24.07,27.28,36.67,23.31,34.75,29.93,25.78,26.98,37.75,36.94
雲嘉南,2019,15,1475,220248,6.7,23.07,33.22,24.07,27.28,36.67,23.31,34.75,29.93,25.78,26.98,37.75
雲嘉南,2019,16,1361,220371,6.18,20.44,23.07,33.22,24.07,27.28,36.67,23.31,34.75,29.93,25.78,26.98
雲嘉南,2019,17,1287,217986,5.9,19.65,20.44,23.07,33.22,24.07,27.28,36.67,23.31,34.75,29.93,25.78
雲嘉南,2019,18,1240,223195,5.56,18.06,19.65,20.44,23.07,33.22,24.07,27.28,36.67,23.31,34.75,29.93
雲嘉南,2019,19,1259,223283,5.64,24.6,18.06,19.65,20.44,23.07,33.22,24.07,27.28,36.67,23.31,34.75
雲嘉南,2019,20,1215,217849,5.58,11.29,24.6,18.06,19.65,20.44,23.07,33.22,24.07,27.28,36.67,23.31
雲嘉南,2019,21,1265,221696,5.71,26.79,11.29,24.6,18.06,19.65,20.44,23.07,33.22,24.07,27.28,36.67
雲嘉南,2019,22,1267,219053,5.78,12.3,26.79,11.29,24.6,18.06,19.65,20.44,23.07,33.22,24.07,27.28
雲嘉南,2019,23,1171,218466,5.36,8.62,12.3,26.79,11.29,24.6,18.06,19.65,20.44,23.07,33.22,24.07
雲嘉南,2019,24,1182,220769,5.35,13.06,8.62,12.3,26.79,11.29,24.6,18.06,19.65,20.44,23.07,33.22
雲嘉南,2019,25,1194,218871,5.46,7.38,13.06,8.62,12.3,26.79,11.29,24.6,18.06,19.65,20.44,23.07
雲嘉南,2019,26,1105,220007,5.02,8.03,7.38,13.06,8.62,12.3,26.79,11.29,24.6,18.06,19.65,20.44
雲嘉南,2019,27,1135,218065,5.2,7.24,8.03,7.38,13.06,8.62,12.3,26.79,11.29,24.6,18.06,19.65
雲嘉南,2019,28,1052,221728,4.74,9.86,7.24,8.03,7.38,13.06,8.62,12.3,26.79,11.29,24.6,18.06
雲嘉南,2019,29,1144,220630,5.19,13.29,9.86,7.24,8.03,7.38,13.06,8.62,12.3,26.79,11.29,24.6
雲嘉南,2019,30,1110,219239,5.06,7.99,13.29,9.86,7.24,8.03,7.38,13.06,8.62,12.3,26.79,11.29
雲嘉南,2019,31,1084,217619,4.98,14.56,7.99,13.29,9.86,7.24,8.03,7.38,13.06,8.62,12.3,26.79
雲嘉南,2019,32,1069,220511,4.85,12.83,14.56,7.99,13.29,9.86,7.24,8.03,7.38,13.06,8.62,12.3
雲嘉南,2019,33,1128,223984,5.04,7.0,12.83,14.56,7.99,13.29,9.86,7.24,8.03,7.38,13.06,8.62
雲嘉南,2019,34,1069,218014,4.9,13.8,7.0,12.83,14.56,7.99,13.29,9.86,7.24,8.03,7.38,13.06
雲嘉南,2019,35,1126,220640,5.1,16.76,13.8,7.0,12.83,14.56,7.99,13.29,9.86,7.24,8.03,7.38
雲嘉南,2019,36,1183,220349,5.37,13.23,16.76,13.8,7.0,12.83,14.56,7.99,13.29,9.86,7.24,8.03
雲嘉南,2019,37,1076,218825,4.92,22.97,13.23,16.76,13.8,7.0,12.83,14.56,7.99,13.29,9.86,7.24
雲嘉南,2019,38,1416,222824,6.35,18.47,22.97,13.23,16.76,13.8,7.0,12.83,14.56,7.99,13.29,9.86
雲嘉南,2019,39,1353,224537,6.03,23.37,18.47,22.97,13.23,16.76,13.8,7.0,12.83,14.56,7.99,13.29
雲嘉南,2019,40,1270,220880,5.75,31.54,23.37,18.47,22.97,13.23,16.76,13.8,7.0,12.83,14.56,7.99
雲嘉南,2019,41,1146,222197,5.16,27.93,31.54,23.37,18.47,22.97,13.23,16.76,13.8,7.0,12.83,14.56
雲嘉南,2019,42,1433,227653,6.29,20.48,27.93,31.54,23.37,18.47,22.97,13.23,16.76,13.8,7.0,12.83
雲嘉南,2019,43,1326,223510,5.93,25.23,20.48,27.93,31.54,23.37,18.47,22.97,13.23,16.76,13.8,7.0
雲嘉南,2019,44,1282,222234,5.77,26.82,25.23,20.48,27.93,31.54,23.37,18.47,22.97,13.23,16.76,13.8
雲嘉南,2019,45,1427,220828,6.46,22.66,26.82,25.23,20.48,27.93,31.54,23.37,18.47,22.97,13.23,16.76
雲嘉南,2019,46,1584,221151,7.16,34.85,22.66,26.82,25.23,20.48,27.93,31.54,23.37,18.47,22.97,13.23
雲嘉南,2019,47,1616,224609,7.19,19.46,34.85,22.66,26.82,25.23,20.48,27.93,31.54,23.37,18.47,22.97
雲嘉南,2019,48,1495,223825,6.68,19.4,19.46,34.85,22.66,26.82,25.23,20.48,27.93,31.54,23.37,18.47
雲嘉南,2019,49,1545,222945,6.93,15.11,19.4,19.46,34.85,22.66,26.82,25.23,20.48,27.93,31.54,23.37
雲嘉南,2019,50,1912,227363,8.41,29.09,15.11,19.4,19.46,34.85,22.66,26.82,25.23,20.48,27.93,31.54
雲嘉南,2019,51,1832,226773,8.08,22.28,29.09,15.11,19.4,19.46,34.85,22.66,26.82,25.23,20.48,27.93
雲嘉南,2019,52,1828,223513,8.18,18.96,22.28,29.09,15.11,19.4,19.46,34.85,22.66,26.82,25.23,20.48
高屏,2016,1,593,234197,2.53,37.76,35.47,40.2,37.3,34.78,32.16,28.03,32.37,34.12,33.31,22.07
高屏,2016,2,1769,238263,7.42,32.9,37.76,35.47,40.2,37.3,34.78,32.16,28.03,32.37,34.12,33.31
高屏,2016,3,1652,241368,6.84,38.55,32.9,37.76,35.47,40.2,37.3,34.78,32.16,28.03,32.37,34.12
高屏,2016,4,1721,239623,7.18,29.2,38.55,32.9,37.76,35.47,40.2,37.3,34.78,32.16,28.03,32.37
高屏,2016,5,1938,241701,8.02,27.53,29.2,38.55,32.9,37.76,35.47,40.2,37.3,34.78,32.16,28.03
高屏,2016,6,2462,240308,10.25,38.15,27.53,29.2,38.55,32.9,37.76,35.47,40.2,37.3,34.78,32.16
高屏,2016,7,1296,235728,5.5,28.99,38.15,27.53,29.2,38.55,32.9,37.76,35.47,40.2,37.3,34.78
高屏,2016,8,2533,240784,10.52,45.87,28.99,38.15,27.53,29.2,38.55,32.9,37.76,35.47,40.2,37.3
高屏,2016,9,2419,240264,10.07,42.23,45.87,28.99,38.15,27.53,29.2,38.55,32.9,37.76,35.47,40.2
高屏,2016,10,2289,241918,9.46,35.04,42.23,45.87,28.99,38.15,27.53,29.2,38.55,32.9,37.76,35.47
高屏,2016,11,2036,238909,8.52,33.15,35.04,42.23,45.87,28.99,38.15,27.53,29.2,38.55,32.9,37.76
高屏,2016,12,1862,239954,7.76,37.13,33.15,35.04,42.23,45.87,28.99,38.15,27.53,29.2,38.55,32.9
高屏,2016,13,1678,237928,7.05,36.7,37.13,33.15,35.04,42.23,45.87,28.99,38.15,27.53,29.2,38.55
高屏,2016,14,2091,243242,8.6,33.63,36.7,37.13,33.15,35.04,42.23,45.87,28.99,38.15,27.53,29.2
高屏,2016,15,1635,238145,6.87,19.67,33.63,36.7,37.13,33.15,35.04,42.23,45.87,28.99,38.15,27.53
高屏,2016,16,1506,238197,6.32,21.17,19.67,33.63,36.7,37.13,33.15,35.04,42.23,45.87,28.99,38.15
高屏,2016,17,1342,237693,5.65,16.69,21.17,19.67,33.63,36.7,37.13,33.15,35.04,42.23,45.87,28.99
高屏,2016,18,1338,237986,5.62,30.96,16.69,21.17,19.67,33.63,36.7,37.13,33.15,35.04,42.23,45.87
高屏,2016,19,1292,237381,5.44,11.54,30.96,16.69,21.17,19.67,33.63,36.7,37.13,33.15,35.04,42.23
高屏,2016,20,1254,235640,5.32,21.65,11.54,30.96,16.69,21.17,19.67,33.63,36.7,37.13,33.15,35.04
高屏,2016,21,1305,235091,5.55,16.59,21.65,11.54,30.96,16.69,21.17,19.67,33.63,36.7,37.13,33.15
高屏,2016,22,1128,235591,4.79,9.08,16.59,21.65,11.54,30.96,16.69,21.17,19.67,33.63,36.7,37.13
高屏,2016,23,1067,234197,4.56,9.37,9.08,16.59,21.65,11.54,30.96,16.69,21.17,19.67,33.63,36.7
高屏,2016,24,980,235171,4.17,7.72,9.37,9.08,16.59,21.65,11.54,30.96,16.69,21.17,19.67,33.63
高屏,2016,25,1114,237381,4.69,9.04,7.72,9.37,9.08,16.59,21.65,11.54,30.96,16.69,21.17,19.67
高屏,2016,26,1135,238682,4.76,7.43,9.04,7.72,9.37,9.08,16.59,21.65,11.54,30.96,16.69,21.17
高屏,2016,27,1093,236029,4.63,11.44,7.43,9.04,7.72,9.37,9.08,16.59,21.65,11.54,30.96,16.69
高屏,2016,28,1045,234197,4.46,7.65,11.44,7.43,9.04,7.72,9.37,9.08,16.59,21.65,11.54,30.96
高屏,2016,29,1007,236499,4.26,11.36,7.65,11.44,7.43,9.04,7.72,9.37,9.08,16.59,21.65,11.54
高屏,2016,30,1047,240023,4.36,13.11,11.36,7.65,11.44,7.43,9.04,7.72,9.37,9.08,16.59,21.65
高屏,2016,31,1113,236067,4.71,13.67,13.11,11.36,7.65,11.44,7.43,9.04,7.72,9.37,9.08,16.59
高屏,2016,32,1160,234197,4.95,13.06,13.67,13.11,11.36,7.65,11.44,7.43,9.04,7.72,9.37,9.08
高屏,2016,33,1106,237512,4.66,6.71,13.06,13.67,13.11,11.36,7.65,11.44,7.43,9.04,7.72,9.37
高屏,2016,34,1077,234197,4.6,18.0,6.71,13.06,13.67,13.11,11.36,7.65,11.44,7.43,9.04,7.72
高屏,2016,35,1157,236592,4.89,24.73,18.0,6.71,13.06,13.67,13.11,11.36,7.65,11.44,7.43,9.04
高屏,2016,36,1203,235639,5.11,7.09,24.73,18.0,6.71,13.06,13.67,13.11,11.36,7.65,11.44,7.43
高屏,2016,37,1093,237026,4.61,10.57,7.09,24.73,18.0,6.71,13.06,13.67,13.11,11.36,7.65,11.44
高屏,2016,38,1040,235513,4.42,20.06,10.57,7.09,24.73,18.0,6.71,13.06,13.67,13.11,11.36,7.65
高屏,2016,39,1306,236301,5.53,25.3,20.06,10.57,7.09,24.73,18.0,6.71,13.06,13.67,13.11,11.36
高屏,2016,40,1058,237850,4.45,21.15,25.3,20.06,10.57,7.09,24.73,18.0,6.71,13.06,13.67,13.11
高屏,2016,41,1100,236067,4.66,15.25,21.15,25.3,20.06,10.57,7.09,24.73,18.0,6.71,13.06,13.67
高屏,2016,42,1260,237756,5.3,34.05,15.25,21.15,25.3,20.06,10.57,7.09,24.73,18.0,6.71,13.06
高屏,2016,43,1308,237864,5.5,18.51,34.05,15.25,21.15,25.3,20.06,10.57,7.09,24.73,18.0,6.71
高屏,2016,44,1323,236746,5.59,34.74,18.51,34.05,15.25,21.15,25.3,20.06,10.57,7.09,24.73,18.0
高屏,2016,45,1448,238631,6.07,30.21,34.74,18.51,34.05,15.25,21.15,25.3,20.06,10.57,7.09,24.73
高屏,2016,46,1477,238301,6.2,46.6,30.21,34.74,18.51,34.05,15.25,21.15,25.3,20.06,10.57,7.09
高屏,2016,47,1487,237061,6.27,39.94,46.6,30.21,34.74,18.51,34.05,15.25,21.15,25.3,20.06,10.57
高屏,2016,48,1499,238695,6.28,25.78,39.94,46.6,30.21,34.74,18.51,34.05,15.25,21.15,25.3,20.06
高屏,2016,49,1504,240496,6.25,44.19,25.78,39.94,46.6,30.21,34.74,18.51,34.05,15.25,21.15,25.3
高屏,2016,50,1562,238789,6.54,36.09,44.19,25.78,39.94,46.6,30.21,34.74,18.51,34.05,15.25,21.15
高屏,2016,51,1722,239182,7.2,43.19,36.09,44.19,25.78,39.94,46.6,30.21,34.74,18.51,34.05,15.25
高屏,2016,52,1750,239568,7.3,36.44,43.19,36.09,44.19,25.78,39.94,46.6,30.21,34.74,18.51,34.05
高屏,2017,1,1771,234541,7.55,45.51,36.44,43.19,36.09,44.19,25.78,39.94,46.6,30.21,34.74,18.51
高屏,2017,2,1756,236203,7.43,43.49,45.51,36.44,43.19,36.09,44.19,25.78,39.94,46.6,30.21,34.74
高屏,2017,3,1910,236370,8.08,35.33,43.49,45.51,36.44,43.19,36.09,44.19,25.78,39.94,46.6,30.21
高屏,2017,4,2014,235423,8.55,37.13,35.33,43.49,45.51,36.44,43.19,36.09,44.19,25.78,39.94,46.6
高屏,2017,5,1755,236498,7.42,34.88,37.13,35.33,43.49,45.51,36.44,43.19,36.09,44.19,25.78,39.94
高屏,2017,6,2088,237119,8.81,44.64,34.88,37.13,35.33,43.49,45.51,36.44,43.19,36.09,44.19,25.78
高屏,2017,7,1976,236923,8.34,37.69,44.64,34.88,37.13,35.33,43.49,45.51,36.44,43.19,36.09,44.19
高屏,2017,8,1758,236443,7.44,35.16,37.69,44.64,34.88,37.13,35.33,43.49,45.51,36.44,43.19,36.09
高屏,2017,9,1736,236412,7.34,41.3,35.16,37.69,44.64,34.88,37.13,35.33,43.49,45.51,36.44,43.19
高屏,2017,10,1693,238193,7.11,39.45,41.3,35.16,37.69,44.64,34.88,37.13,35.33,43.49,45.51,36.44
高屏,2017,11,1630,234315,6.96,36.18,39.45,41.3,35.16,37.69,44.64,34.88,37.13,35.33,43.49,45.51
高屏,2017,12,1516,236271,6.42,31.84,36.18,39.45,41.3,35.16,37.69,44.64,34.88,37.13,35.33,43.49
高屏,2017,13,1605,234843,6.83,31.29,31.84,36.18,39.45,41.3,35.16,37.69,44.64,34.88,37.13,35.33
高屏,2017,14,1669,235948,7.07,27.9,31.29,31.84,36.18,39.45,41.3,35.16,37.69,44.64,34.88,37.13
高屏,2017,15,1413,236342,5.98,22.94,27.9,31.29,31.84,36.18,39.45,41.3,35.16,37.69,44.64,34.88
高屏,2017,16,1310,233506,5.61,17.55,22.94,27.9,31.29,31.84,36.18,39.45,41.3,35.16,37.69,44.64
高屏,2017,17,1387,233906,5.93,28.41,17.55,22.94,27.9,31.29,31.84,36.18,39.45,41.3,35.16,37.69
高屏,2017,18,1382,233017,5.93,27.56,28.41,17.55,22.94,27.9,31.29,31.84,36.18,39.45,41.3,35.16
高屏,2017,19,1298,235238,5.52,19.69,27.56,28.41,17.55,22.94,27.9,31.29,31.84,36.18,39.45,41.3
高屏,2017,20,1223,234643,5.21,20.07,19.69,27.56,28.41,17.55,22.94,27.9,31.29,31.84,36.18,39.45
高屏,2017,21,1307,235710,5.54,15.83,20.07,19.69,27.56,28.41,17.55,22.94,27.9,31.29,31.84,36.18
高屏,2017,22,1140,234112,4.87,15.15,15.83,20.07,19.69,27.56,28.41,17.55,22.94,27.9,31.29,31.84
高屏,2017,23,1214,233906,5.19,10.21,15.15,15.83,20.07,19.69,27.56,28.41,17.55,22.94,27.9,31.29
高屏,2017,24,1258,235799,5.34,7.84,10.21,15.15,15.83,20.07,19.69,27.56,28.41,17.55,22.94,27.9
高屏,2017,25,1234,234433,5.26,9.03,7.84,10.21,15.15,15.83,20.07,19.69,27.56,28.41,17.55,22.94
高屏,2017,26,1354,235524,5.75,9.89,9.03,7.84,10.21,15.15,15.83,20.07,19.69,27.56,28.41,17.55
高屏,2017,27,1326,234507,5.65,8.98,9.89,9.03,7.84,10.21,15.15,15.83,20.07,19.69,27.56,28.41
高屏,2017,28,1315,234507,5.61,10.61,8.98,9.89,9.03,7.84,10.21,15.15,15.83,20.07,19.69,27.56
高屏,2017,29,1338,234355,5.71,20.09,10.61,8.98,9.89,9.03,7.84,10.21,15.15,15.83,20.07,19.69
高屏,2017,30,1205,233754,5.15,15.12,20.09,10.61,8.98,9.89,9.03,7.84,10.21,15.15,15.83,20.07
高屏,2017,31,1134,236010,4.8,11.83,15.12,20.09,10.61,8.98,9.89,9.03,7.84,10.21,15.15,15.83
高屏,2017,32,1095,234507,4.67,11.47,11.83,15.12,20.09,10.61,8.98,9.89,9.03,7.84,10.21,15.15
高屏,2017,33,1133,235392,4.81,13.38,11.47,11.83,15.12,20.09,10.61,8.98,9.89,9.03,7.84,10.21
高屏,2017,34,1194,235781,5.06,16.31,13.38,11.47,11.83,15.12,20.09,10.61,8.98,9.89,9.03,7.84
高屏,2017,35,1134,235352,4.82,16.1,16.31,13.38,11.47,11.83,15.12,20.09,10.61,8.98,9.89,9.03
高屏,2017,36,1196,236854,5.05,12.95,16.1,16.31,13.38,11.47,11.83,15.12,20.09,10.61,8.98,9.89
高屏,2017,37,1183,233017,5.08,19.5,12.95,16.1,16.31,13.38,11.47,11.83,15.12,20.09,10.61,8.98
高屏,2017,38,1272,234643,5.42,31.74,19.5,12.95,16.1,16.31,13.38,11.47,11.83,15.12,20.09,10.61
高屏,2017,39,1199,233696,5.13,19.55,31.74,19.5,12.95,16.1,16.31,13.38,11.47,11.83,15.12,20.09
高屏,2017,40,1128,235058,4.8,28.58,19.55,31.74,19.5,12.95,16.1,16.31,13.38,11.47,11.83,15.12
高屏,2017,41,1171,233906,5.01,21.3,28.58,19.55,31.74,19.5,12.95,16.1,16.31,13.38,11.47,11.83
高屏,2017,42,1313,233906,5.61,19.81,21.3,28.58,19.55,31.74,19.5,12.95,16.1,16.31,13.38,11.47
高屏,2017,43,1470,237536,6.19,32.2,19.81,21.3,28.58,19.55,31.74,19.5,12.95,16.1,16.31,13.38
高屏,2017,44,1611,235132,6.85,29.12,32.2,19.81,21.3,28.58,19.55,31.74,19.5,12.95,16.1,16.31
高屏,2017,45,1549,233964,6.62,40.59,29.12,32.2,19.81,21.3,28.58,19.55,31.74,19.5,12.95,16.1
高屏,2017,46,1515,234833,6.45,36.51,40.59,29.12,32.2,19.81,21.3,28.58,19.55,31.74,19.5,12.95
高屏,2017,47,1592,237853,6.69,30.93,36.51,40.59,29.12,32.2,19.81,21.3,28.58,19.55,31.74,19.5
高屏,2017,48,1605,237657,6.75,36.32,30.93,36.51,40.59,29.12,32.2,19.81,21.3,28.58,19.55,31.74
高屏,2017,49,1746,235869,7.4,35.63,36.32,30.93,36.51,40.59,29.12,32.2,19.81,21.3,28.58,19.55
高屏,2017,50,1957,239064,8.19,34.81,35.63,36.32,30.93,36.51,40.59,29.12,32.2,19.81,21.3,28.58
高屏,2017,51,2068,235370,8.79,30.33,34.81,35.63,36.32,30.93,36.51,40.59,29.12,32.2,19.81,21.3
高屏,2017,52,2212,236428,9.36,45.64,30.33,34.81,35.63,36.32,30.93,36.51,40.59,29.12,32.2,19.81
高屏,2018,1,1974,268736,7.35,38.17,45.64,30.33,34.81,35.63,36.32,30.93,36.51,40.59,29.12,32.2
高屏,2018,2,1912,268295,7.13,23.5,38.17,45.64,30.33,34.81,35.63,36.32,30.93,36.51,40.59,29.12
高屏,2018,3,2139,270535,7.91,48.6,23.5,38.17,45.64,30.33,34.81,35.63,36.32,30.93,36.51,40.59
高屏,2018,4,1992,271186,7.35,34.84,48.6,23.5,38.17,45.64,30.33,34.81,35.63,36.32,30.93,36.51
高屏,2018,5,1992,270190,7.37,30.59,34.84,48.6,23.5,38.17,45.64,30.33,34.81,35.63,36.32,30.93
高屏,2018,6,2113,270251,7.82,35.37,30.59,34.84,48.6,23.5,38.17,45.64,30.33,34.81,35.63,36.32
高屏,2018,7,1919,267538,7.17,31.71,35.37,30.59,34.84,48.6,23.5,38.17,45.64,30.33,34.81,35.63
高屏,2018,8,2155,269813,7.99,36.94,31.71,35.37,30.59,34.84,48.6,23.5,38.17,45.64,30.33,34.81
高屏,2018,9,2088,269598,7.74,32.89,36.94,31.71,35.37,30.59,34.84,48.6,23.5,38.17,45.64,30.33
高屏,2018,10,1818,268076,6.78,28.45,32.89,36.94,31.71,35.37,30.59,34.84,48.6,23.5,38.17,45.64
高屏,2018,11,1986,272243,7.29,33.64,28.45,32.89,36.94,31.71,35.37,30.59,34.84,48.6,23.5,38.17
高屏,2018,12,1922,268946,7.15,25.11,33.64,28.45,32.89,36.94,31.71,35.37,30.59,34.84,48.6,23.5
高屏,2018,13,2060,270975,7.6,32.38,25.11,33.64,28.45,32.89,36.94,31.71,35.37,30.59,34.84,48.6
高屏,2018,14,1680,269777,6.23,26.64,32.38,25.11,33.64,28.45,32.89,36.94,31.71,35.37,30.59,34.84
高屏,2018,15,1823,269904,6.75,15.11,26.64,32.38,25.11,33.64,28.45,32.89,36.94,31.71,35.37,30.59
高屏,2018,16,1610,266091,6.05,28.7,15.11,26.64,32.38,25.11,33.64,28.45,32.89,36.94,31.71,35.37
高屏,2018,17,1411,266454,5.3,22.88,28.7,15.11,26.64,32.38,25.11,33.64,28.45,32.89,36.94,31.71
高屏,2018,18,1325,264886,5.0,18.29,22.88,28.7,15.11,26.64,32.38,25.11,33.64,28.45,32.89,36.94
高屏,2018,19,1356,267009,5.08,14.68,18.29,22.88,28.7,15.11,26.64,32.38,25.11,33.64,28.45,32.89
高屏,2018,20,1248,263499,4.74,10.74,14.68,18.29,22.88,28.7,15.11,26.64,32.38,25.11,33.64,28.45
高屏,2018,21,1193,267206,4.46,14.44,10.74,14.68,18.29,22.88,28.7,15.11,26.64,32.38,25.11,33.64
高屏,2018,22,1094,267287,4.09,14.53,14.44,10.74,14.68,18.29,22.88,28.7,15.11,26.64,32.38,25.11
高屏,2018,23,1138,265224,4.29,13.32,14.53,14.44,10.74,14.68,18.29,22.88,28.7,15.11,26.64,32.38
高屏,2018,24,1132,264584,4.28,12.84,13.32,14.53,14.44,10.74,14.68,18.29,22.88,28.7,15.11,26.64
高屏,2018,25,1006,264185,3.81,8.22,12.84,13.32,14.53,14.44,10.74,14.68,18.29,22.88,28.7,15.11
高屏,2018,26,1163,265714,4.38,9.94,8.22,12.84,13.32,14.53,14.44,10.74,14.68,18.29,22.88,28.7
高屏,2018,27,1092,264212,4.13,7.78,9.94,8.22,12.84,13.32,14.53,14.44,10.74,14.68,18.29,22.88
高屏,2018,28,1268,267526,4.74,12.84,7.78,9.94,8.22,12.84,13.32,14.53,14.44,10.74,14.68,18.29
高屏,2018,29,1344,267595,5.02,13.43,12.84,7.78,9.94,8.22,12.84,13.32,14.53,14.44,10.74,14.68
高屏,2018,30,1262,268762,4.7,12.0,13.43,12.84,7.78,9.94,8.22,12.84,13.32,14.53,14.44,10.74
高屏,2018,31,1218,265470,4.59,10.36,12.0,13.43,12.84,7.78,9.94,8.22,12.84,13.32,14.53,14.44
高屏,2018,32,1342,266565,5.03,12.38,10.36,12.0,13.43,12.84,7.78,9.94,8.22,12.84,13.32,14.53
高屏,2018,33,1348,266200,5.06,7.55,12.38,10.36,12.0,13.43,12.84,7.78,9.94,8.22,12.84,13.32
高屏,2018,34,1288,265925,4.84,8.22,7.55,12.38,10.36,12.0,13.43,12.84,7.78,9.94,8.22,12.84
高屏,2018,35,1316,266970,4.93,8.39,8.22,7.55,12.38,10.36,12.0,13.43,12.84,7.78,9.94,8.22
高屏,2018,36,1421,265096,5.36,12.05,8.39,8.22,7.55,12.38,10.36,12.0,13.43,12.84,7.78,9.94
高屏,2018,37,1426,264074,5.4,17.43,12.05,8.39,8.22,7.55,12.38,10.36,12.0,13.43,12.84,7.78
高屏,2018,38,1499,266425,5.63,19.55,17.43,12.05,8.39,8.22,7.55,12.38,10.36,12.0,13.43,12.84
高屏,2018,39,1416,266901,5.31,19.61,19.55,17.43,12.05,8.39,8.22,7.55,12.38,10.36,12.0,13.43
高屏,2018,40,1576,269722,5.84,27.21,19.61,19.55,17.43,12.05,8.39,8.22,7.55,12.38,10.36,12.0
高屏,2018,41,1329,267720,4.96,27.88,27.21,19.61,19.55,17.43,12.05,8.39,8.22,7.55,12.38,10.36
高屏,2018,42,1372,267924,5.12,27.97,27.88,27.21,19.61,19.55,17.43,12.05,8.39,8.22,7.55,12.38
高屏,2018,43,1454,265538,5.48,32.62,27.97,27.88,27.21,19.61,19.55,17.43,12.05,8.39,8.22,7.55
高屏,2018,44,1572,265590,5.92,31.48,32.62,27.97,27.88,27.21,19.61,19.55,17.43,12.05,8.39,8.22
高屏,2018,45,1473,264200,5.58,37.09,31.48,32.62,27.97,27.88,27.21,19.61,19.55,17.43,12.05,8.39
高屏,2018,46,1577,268150,5.88,39.35,37.09,31.48,32.62,27.97,27.88,27.21,19.61,19.55,17.43,12.05
高屏,2018,47,1587,268548,5.91,27.54,39.35,37.09,31.48,32.62,27.97,27.88,27.21,19.61,19.55,17.43
高屏,2018,48,1745,271865,6.42,29.55,27.54,39.35,37.09,31.48,32.62,27.97,27.88,27.21,19.61,19.55
高屏,2018,49,1758,265879,6.61,29.64,29.55,27.54,39.35,37.09,31.48,32.62,27.97,27.88,27.21,19.61
高屏,2018,50,1851,269582,6.87,31.24,29.64,29.55,27.54,39.35,37.09,31.48,32.62,27.97,27.88,27.21
高屏,2018,51,1955,270862,7.22,38.5,31.24,29.64,29.55,27.54,39.35,37.09,31.48,32.62,27.97,27.88
高屏,2018,52,1984,269182,7.37,25.43,38.5,31.24,29.64,29.55,27.54,39.35,37.09,31.48,32.62,27.97
高屏,2019,1,1602,267004,6.0,31.84,25.43,38.5,31.24,29.64,29.55,27.54,39.35,37.09,31.48,32.62
高屏,2019,2,2082,270692,7.69,37.76,31.84,25.43,38.5,31.24,29.64,29.55,27.54,39.35,37.09,31.48
高屏,2019,3,2006,267990,7.49,38.73,37.76,31.84,25.43,38.5,31.24,29.64,29.55,27.54,39.35,37.09
高屏,2019,4,2091,269416,7.76,41.76,38.73,37.76,31.84,25.43,38.5,31.24,29.64,29.55,27.54,39.35
高屏,2019,5,2640,270251,9.77,32.33,41.76,38.73,37.76,31.84,25.43,38.5,31.24,29.64,29.55,27.54
高屏,2019,6,1212,265490,4.57,27.08,32.33,41.76,38.73,37.76,31.84,25.43,38.5,31.24,29.64,29.55
高屏,2019,7,2195,268744,8.17,26.17,27.08,32.33,41.76,38.73,37.76,31.84,25.43,38.5,31.24,29.64
高屏,2019,8,1779,267989,6.64,23.0,26.17,27.08,32.33,41.76,38.73,37.76,31.84,25.43,38.5,31.24
高屏,2019,9,1663,271121,6.13,31.1,23.0,26.17,27.08,32.33,41.76,38.73,37.76,31.84,25.43,38.5
高屏,2019,10,1664,270003,6.16,22.86,31.1,23.0,26.17,27.08,32.33,41.76,38.73,37.76,31.84,25.43
高屏,2019,11,1644,267338,6.15,33.82,22.86,31.1,23.0,26.17,27.08,32.33,41.76,38.73,37.76,31.84
高屏,2019,12,1769,267749,6.61,27.51,33.82,22.86,31.1,23.0,26.17,27.08,32.33,41.76,38.73,37.76
高屏,2019,13,1737,268200,6.48,22.67,27.51,33.82,22.86,31.1,23.0,26.17,27.08,32.33,41.76,38.73
高屏,2019,14,1695,268327,6.32,32.36,22.67,27.51,33.82,22.86,31.1,23.0,26.17,27.08,32.33,41.76
高屏,2019,15,1705,269956,6.32,23.34,32.36,22.67,27.51,33.82,22.86,31.1,23.0,26.17,27.08,32.33
高屏,2019,16,1543,269386,5.73,18.39,23.34,32.36,22.67,27.51,33.82,22.86,31.1,23.0,26.17,27.08
高屏,2019,17,1407,267805,5.25,16.74,18.39,23.34,32.36,22.67,27.51,33.82,22.86,31.1,23.0,26.17
高屏,2019,18,1434,269428,5.32,16.12,16.74,18.39,23.34,32.36,22.67,27.51,33.82,22.86,31.1,23.0
高屏,2019,19,1399,268456,5.21,24.63,16.12,16.74,18.39,23.34,32.36,22.67,27.51,33.82,22.86,31.1
高屏,2019,20,1463,267182,5.48,11.04,24.63,16.12,16.74,18.39,23.34,32.36,22.67,27.51,33.82,22.86
高屏,2019,21,1429,269273,5.31,19.5,11.04,24.63,16.12,16.74,18.39,23.34,32.36,22.67,27.51,33.82
高屏,2019,22,1343,266589,5.04,12.35,19.5,11.04,24.63,16.12,16.74,18.39,23.34,32.36,22.67,27.51
高屏,2019,23,1285,267252,4.81,9.14,12.35,19.5,11.04,24.63,16.12,16.74,18.39,23.34,32.36,22.67
高屏,2019,24,1429,267903,5.33,9.78,9.14,12.35,19.5,11.04,24.63,16.12,16.74,18.39,23.34,32.36
高屏,2019,25,1349,269337,5.01,8.12,9.78,9.14,12.35,19.5,11.04,24.63,16.12,16.74,18.39,23.34
高屏,2019,26,1284,268281,4.79,7.46,8.12,9.78,9.14,12.35,19.5,11.04,24.63,16.12,16.74,18.39
高屏,2019,27,1283,269631,4.76,7.62,7.46,8.12,9.78,9.14,12.35,19.5,11.04,24.63,16.12,16.74
高屏,2019,28,1275,267322,4.77,9.64,7.62,7.46,8.12,9.78,9.14,12.35,19.5,11.04,24.63,16.12
高屏,2019,29,1272,266256,4.78,11.72,9.64,7.62,7.46,8.12,9.78,9.14,12.35,19.5,11.04,24.63
高屏,2019,30,1332,269739,4.94,8.47,11.72,9.64,7.62,7.46,8.12,9.78,9.14,12.35,19.5,11.04
高屏,2019,31,1351,268200,5.04,12.54,8.47,11.72,9.64,7.62,7.46,8.12,9.78,9.14,12.35,19.5
高屏,2019,32,1306,267940,4.87,11.55,12.54,8.47,11.72,9.64,7.62,7.46,8.12,9.78,9.14,12.35
高屏,2019,33,1190,267156,4.45,7.76,11.55,12.54,8.47,11.72,9.64,7.62,7.46,8.12,9.78,9.14
高屏,2019,34,1278,268606,4.76,11.49,7.76,11.55,12.54,8.47,11.72,9.64,7.62,7.46,8.12,9.78
高屏,2019,35,1310,269543,4.86,14.85,11.49,7.76,11.55,12.54,8.47,11.72,9.64,7.62,7.46,8.12
高屏,2019,36,1347,270006,4.99,9.76,14.85,11.49,7.76,11.55,12.54,8.47,11.72,9.64,7.62,7.46
高屏,2019,37,1395,266589,5.23,19.13,9.76,14.85,11.49,7.76,11.55,12.54,8.47,11.72,9.64,7.62
高屏,2019,38,1535,267293,5.74,20.55,19.13,9.76,14.85,11.49,7.76,11.55,12.54,8.47,11.72,9.64
高屏,2019,39,1582,267217,5.92,28.6,20.55,19.13,9.76,14.85,11.49,7.76,11.55,12.54,8.47,11.72
高屏,2019,40,1448,268453,5.39,28.2,28.6,20.55,19.13,9.76,14.85,11.49,7.76,11.55,12.54,8.47
高屏,2019,41,1365,269395,5.07,24.59,28.2,28.6,20.55,19.13,9.76,14.85,11.49,7.76,11.55,12.54
高屏,2019,42,1583,266393,5.94,23.97,24.59,28.2,28.6,20.55,19.13,9.76,14.85,11.49,7.76,11.55
高屏,2019,43,1545,268851,5.75,26.18,23.97,24.59,28.2,28.6,20.55,19.13,9.76,14.85,11.49,7.76
高屏,2019,44,1519,268485,5.66,30.93,26.18,23.97,24.59,28.2,28.6,20.55,19.13,9.76,14.85,11.49
高屏,2019,45,1544,265490,5.82,26.68,30.93,26.18,23.97,24.59,28.2,28.6,20.55,19.13,9.76,14.85
高屏,2019,46,1748,268264,6.52,31.3,26.68,30.93,26.18,23.97,24.59,28.2,28.6,20.55,19.13,9.76
高屏,2019,47,1740,268076,6.49,24.71,31.3,26.68,30.93,26.18,23.97,24.59,28.2,28.6,20.55,19.13
高屏,2019,48,1848,269840,6.85,24.29,24.71,31.3,26.68,30.93,26.18,23.97,24.59,28.2,28.6,20.55
高屏,2019,49,1860,268395,6.93,19.04,24.29,24.71,31.3,26.68,30.93,26.18,23.97,24.59,28.2,28.6
高屏,2019,50,2124,269567,7.88,26.96,19.04,24.29,24.71,31.3,26.68,30.93,26.18,23.97,24.59,28.2
高屏,2019,51,2140,269289,7.95,26.5,26.96,19.04,24.29,24.71,31.3,26.68,30.93,26.18,23.97,24.59
高屏,2019,52,2018,268851,7.51,25.27,26.5,26.96,19.04,24.29,24.71,31.3,26.68,30.93,26.18,23.97
,2016,53,1766,237993,7.42,,,,,,,,,,,
,2016,53,1608,197490,8.14,,,,,,,,,,,
,2016,53,2725,294682,9.25,,,,,,,,,,,
,2016,53,7203,741051,9.72,,,,,,,,,,,
,2016,53,371,52298,7.09,,,,,,,,,,,
,2017,53,1030,233017,4.42,,,,,,,,,,,
,2017,53,864,191838,4.5,,,,,,,,,,,
,2017,53,1289,289627,4.45,,,,,,,,,,,
,2017,53,1501,739111,2.03,,,,,,,,,,,
,2017,53,251,49209,5.1,,,,,,,,,,,
,2018,53,657,263499,2.49,,,,,,,,,,,
,2018,53,599,215874,2.77,,,,,,,,,,,
,2018,53,847,319383,2.65,,,,,,,,,,,
,2018,53,1798,811883,2.21,,,,,,,,,,,
,2018,53,145,57006,2.54,,,,,,,,,,,
,2019,53,891,266199,3.35,,,,,,,,,,,
,2019,53,831,217062,3.83,,,,,,,,,,,
,2019,53,1290,320864,4.02,,,,,,,,,,,
,2019,53,3565,814661,4.38,,,,,,,,,,,
,2019,53,187,58023,3.22,,,,,,,,,,,
